id,site,language,title,author,published,url,content_length,content
90,shambalanews,tibetan,རྒྱ་གཞུང་གིས་མི་རིགས་རྩ་བརླག་གཏོང་མཚམས་འཇོག་དགོས་ཞེས་གོམ་བགྲོད་དབུ་འཛུགས་གནང་སོང་།,,2024-10-11T00:00:00+00:00,http://www.shambalanews.com/%E0%BD%82%E0%BD%A6%E0%BD%A2%E0%BC%8B%E0%BD%A0%E0%BD%82%E0%BE%B1%E0%BD%B4%E0%BD%A2%E0%BC%8D/%E0%BD%96%E0%BD%99%E0%BD%93%E0%BC%8B%E0%BD%96%E0%BE%B1%E0%BD%BC%E0%BD%A3%E0%BC%8D/%E0%BD%A2%E0%BE%92%E0%BE%B1%E0%BC%8B%E0%BD%82%E0%BD%9E%E0%BD%B4%E0%BD%84%E0%BC%8B%E0%BD%82%E0%BD%B2%E0%BD%A6%E0%BC%8B%E0%BD%98%E0%BD%B2%E0%BC%8B%E0%BD%A2%E0%BD%B2%E0%BD%82%E0%BD%A6%E0%BC%8B%E0%BD%A2%E0%BE%A9%E0%BC%8B%E0%BD%96%E0%BD%A2%E0%BE%B3%E0%BD%82%E0%BC%8B%E0%BD%82%E0%BD%8F%E0%BD%BC%E0%BD%84%E0%BC%8B%E0%BD%98%E0%BD%9A%E0%BD%98%E0%BD%A6%E0%BC%8B%E0%BD%A0%E0%BD%87%E0%BD%BC%E0%BD%82%E0%BC%8B%E0%BD%91%E0%BD%82%E0%BD%BC%E0%BD%A6%E0%BC%8B%E0%BD%9E%E0%BD%BA%E0%BD%A6%E0%BC%8B%E0%BD%82%E0%BD%BC%E0%BD%98%E0%BC%8B%E0%BD%96%E0%BD%82%E0%BE%B2%E0%BD%BC%E0%BD%91%E0%BC%8B%E0%BD%91%E0%BD%96%E0%BD%B4%E0%BC%8B%E0%BD%A0%E0%BD%9B%E0%BD%B4%E0%BD%82%E0%BD%A6%E0%BC%8B%E0%BD%82%E0%BD%93%E0%BD%84%E0%BC%8B%E0%BD%A6%E0%BD%BC%E0%BD%84%E0%BC%8B%E0%BC%8D,8515,"ཕྱི་ལོ་༢༠༢༦ ཟླ་༣ ཚེས་༣༡ ཉིན། བོད་ཀྱི་གཞོན་ནུ་ལྷན་ཚོགས་ཀྱིས་དྷ་རམ་ས་ནས་ལྡི་ལི་དབར་ཞི་བའི་གོམ་བགྲོད་ཅིག་གོ་སྒྲིག་ཞུས་འདུག དེར་བོད་མི་༦༥་མཉམ་ཞུགས་གནང་འདུག གོམ་བགྲོད་དེའི་དམིགས་ཡུལ་ནི་རྒྱ་གཞུང་གིས་བོད་ནང་མི་རིགས་དང་ཆོས་རིག་མཉམ་བསྲེས་གྱི་སྲིད་བྱུས་ལག་བསྟར་བྱེད་བཞིན་པར་མཚམས་འཇོག་ཡོང་ཐབས་དང་། བོད་ནང་ཁོར་ཡུག་གཏོར་བཤིག་གཏོང་བཞིན་པར་མཚམས་འཇོག་ཡོང་ཐབས། ༸ཀུན་གཟིགས་པཎ་ཆེན་སྐུ་ཕྲེང་བཅུ་གཅིག་པ་གཙོས་པའི་ཉེས་མེད་ཀྱི་ཆབ་སྲིད་བཙོན་པ་རྣམས་གློད་གྲོལ་ཐབས་བཅས་ཡིན་འདུག
དེ་ཡང་། གོང་ཚེས་ཉིན་གྱི་ཆུ་ཚོད་༡༠ པའི་ཐོག བོད་ཀྱི་གཞོན་ནུ་ལྷན་ཚོགས་ཀྱི་གོ་སྒྲིག་འོག བཞུགས་སྒར་དྷ་རམ་ས་ལྷ་རྒྱལ་རིར་“ཞྭ་མོ་ནག་པོའི་གོམ་བགྲོད།” ཅེས་པའི་དབུ་འབྱེད་མཛད་སྒོ་ཞིག་སྤེལ་སོང་། སྐབས་དེར། སྐུ་མགྲོན་གཙོ་བོར་བདེ་སྲུང་བཀའ་བློན་རྒྱ་རི་སྒྲོལ་མ་མཆོག་དང་། སྐུ་མགྲོན་གཞན་སྤྱི་འཐུས་རྣམ་པ། འཕགས་བོད་མཛའ་འབྲེལ་ཚོགས་པའི་ཚོགས་གཙོ་ཨ་ཇི་ནེ་རི་ཡ་(Ajit Nehria)་དང་མངའ་སྡེ་ཆབ་སྲིད་ཚོགས་པའི་དྲུང་ཆེ་(Shashwat Kapoor)། བོད་མི་མང་སྤྱི་འཐུས་ལྷན་ཚོགས་ཀྱི་སྤྱི་འཐུས་བསྟན་ཱའཛིན་འཇིགས་མེད་ལགས་དང་། ལྷ་རྒྱལ་རི་རྣམ་རྒྱལ་སྒྲོལ་དཀར་ལགས་བཅས་རེད་འདུག
སྐབས་དེར། བོད་ཀྱི་གཞོན་ནུ་ལྷན་ཚོགས་ཀྱི་དྲུང་ཆེ་བསྟན་འཛིན་བློ་བཟང་ལགས་ཀྱིས་ཞཱ་མོ་ནག་པོའི་གོམ་བགྲོད་ཀྱི་བསྒྲགས་གཏམ་ཀློག་དོན། ཞྭ་མོ་ནག་པོའི་གོམ་བགྲོད་ལས་འགུལ་འདི་ནི་དགྲ་བོ་རྒྱ་དམར་སྲིད་གཞུང་གིས་ཕྱི་ལོ་༡༩༤༩ ཙམ་ནས་རྒྱ་ནག་གིས་བོད་སར་ཁྲིམས་འགལ་བཙན་འཛུལ་གྱིས་ཕྱི་ལོ་༡༩༥༡ ལོར་དྲག་པོའི་དམག་གིས་བཙན་གནོན་དང་འཇིགས་སྐུལ་འོག་གྲོས་མཐུན་དོན་ཚན་བཅུ་བདུན་ཞེས་པ་བཙན་འཇོག་བྱེད་དུ་བཅུགས་ཡོད། ཕྱི་ལོ་༡༩༥༩ ལོར་བོད་ས་ཡོངས་རྫོགས་དྲག་པོས་བཙན་འཕྲོག་བྱས། དུས་དེ་ནས་བཟུང་བོད་མིའི་སྐད་དང་ཡི་གེ། ཆོས་དང་རིག་གཞུང་ཁོར་ཡུག་དང་བཅས་པ་རྩ་གཏོར་དང་གཏོར་བཤིག་ཚད་མེད་བཏང་ཡོད། ལྷག་པར་བྱམས་པ་དང་སྙིང་བརྗེ། ཞི་བདེ་དང་དྲང་བདེན་ལ་དགའ་བའི་བོད་མི་ས་ཡ་བརྒལ་བ་དངོས་ཤུགས་བརྒྱུད་གསུམ་ནས་ཉེས་མེད་ཉེས་འདོགས་དང༌། མ་ཉེས་ཁག་གཡོགས་འོག་དམར་གསོད་བཏང་ཡོད་པ་མ་ཟད། ཉེ་ཆར་བོད་རིགས་རྒྱ་རྒྱུར་དང་བོད་ཀྱི་སྐད་ཡིག་རིག་གཞུང་རྩ་བརླག་གཏོང་ཆེད་ཁྲིམས་ཡིག་གསར་པ་ “མི་རིགས་མཐུན་སྒྲིལ་ཡར་ཐོན་སྐུལ་འདེད་""ཅེས་པ་བཙན་འགེལ་བྱས་འདུག་པར་ཁ་གཏད་གདོང་ལེན་དང་ངོ་རྒོལ་མཚོན་བྱེད་ཀྱི་ཞྭ་མོ་ནག་པོའི་དམིགས་བསལ་གོམ་བགྲོད་ལས་འགུལ་དེ་བཞིན་བཞུགས་སྒར་རྡ་རམ་ས་ནས་རྒྱ་གར་རྒྱལ་ས་ལྡི་ལི་མཉམ་འབྲེལ་རྒྱལ་ཚོགས་ལས་ཁུངས་མདུན་བར་སྤེལ་རྒྱུ་ཡིན། ཞེས་དང་།
ཕྱི་ལོ་༡༩༥༩ ལོར་དགྲ་བོ་རྒྱ་དམར་སྲིད་གཞུང་གིས་སྤྱང་ཀི་ཁྲག་ལ་རྔམས་པ་བཞིན་སྡུག་རྩུབ་ཆེ་ཞིང་ངོ་ཚ་ཁྲེལ་མེད་ཀྱིས་ཁྲིམས་འགལ་ཐོག་བོད་ས་བཙན་འཕྲོག་བྱས་པ་མ་ཟད། ད་བར་བོད་མི་ས་ཡ་གཉིས་ལྷག་དམར་གསོད་བཏང་བ་དང༌། ལྷག་པར་དུ་རྒྱའི་སྲིད་གཞུང་གིས་ “མཚོན་བྱེད་གསུམ་གྱི་གལ་ཆེའི་དགོངས་པ།” ཞེས་དང་། “ཞི་ཅིན་ཕིང་གི་དུས་རབས་གསར་པའི་ཀྲུང་གོའི་ཁྱད་ཆོས་ལྡན་པའི་སྤྱི་ཚོགས་རིང་ལུགས་ཀྱི་དགོངས་པ།” ཞེས་རྒྱ་ནག་དམར་ཤོག་གི་འགོ་པ་རེ་རེའི་དུས་སྐབས་སུ་བོད་ཀྱི་ཕྱི་སྣོད་ཀྱི་སྐྱེ་ཁམས་ཁོར་ཡུག་ལ་སྦག་གཙོག་དང་གཏོར་བརླག་བཏང་དང་གཏོང་བཞིན་ཡོད་པ་དང༌། ནང་བཅུད་ཀྱི་སེམས་ཅན་རྣམས་ལ་འཚོ་གནས་ཀྱི་རང་དབང་མེད་པར་སྡུག་སྦྱོང་མནར་དང་གཉའ་གནོན་བཤུ་གཞོག་ཚད་མེད་བཏང་ཡོད། ད་ཆ་བོད་རྒྱལ་ཁབ་ནི་རྒྱ་ནག་གཞུང་གི་ཁྲིམས་འགལ་བཙན་བཟུང་འོག་གནས་པའི་རྒྱལ་ཁབ་ཅིག་ཡིན། བོད་རྒྱལ་ཁབ་དང་བོད་མི་རིགས་ནི་ནམ་ཡང་རྒྱ་ནག་གི་ཆ་ཤས་མིན་པ་མ་ཟད་“ཀྲུང་ཧྭ་མི་རིགས་” ཞེས་པ་དེ་བས་ཀྱང་མིན། བོད་དང་བོད་མི་ནི་ལོ་རྒྱུས་ཀྱི་གནས་བབ་ཐོག་ནས་ཀྱང་རང་དབང་རང་བཙན་གཙང་མ་ལྡན་པའི་རྒྱལ་ཁབ་དང་མི་རིགས་ཐ་དད་པ་ཤིག་ཡིན། དེ་བཞིན་རྒྱ་གར་རང་དབང་ལུང་པའི་ནང་གནས་པའི་བཙན་བྱོལ་བོད་གཞུང་ནི་སྔར་བོད་བཙན་པོའི་རྒྱལ་ཁབ་ནས་བཟུང་དུས་ད་ལྟའི་བར་བོད་རྒྱལ་ཁབ་ཆེན་པོའི་ཆབ་སྲིད་བདག་དབང་གི་རྒྱུན་ཐག་མ་ཆད་པར་མུ་མཐུད་ནས་བསྐྱངས་དང་སྐྱོང་བཞིན་ཡོད་པའི་ཁྲིམས་མཐུན་གྱི་བོད་རྒྱལ་ཁབ་ཆེན་པོའི་ཆབ་སྲིད་བདག་དབང་ཆ་ཚང་ཡོད་པའི་བཙན་བྱོལ་བོད་གཞུང་འདི་ཡིན་ཞེས་ནན་བརྗོད་བྱ་རྒྱུ་ཡིན། ཞེས་གསུངས་སོང་།
དེ་ནས་བོད་ཀྱི་གཞོན་ནུ་ལྷན་ཚོགས་ཀྱི་ཚོགས་གཙོ་ཚེ་རིང་ཆོས་འཕེལ་ལགས་ཀྱིས་གསུང་དོན། རྒྱ་ནག་དམར་པོའི་སྲིད་གཞུང་གིས་བོད་ས་བཙན་འཕྲོག་བྱས་པ་ནས་བཟུང་སྤྱི་ཚོགས་བརྟན་ལྷིང་ཟེར་བར་ཁ་གཡར་ནས་བོད་ནང་གི་བོད་མི་རྣམས་ཉིན་མཚན་དུས་དྲུག་ཏུ་འགྲོ་འདུག་གི་རང་དབང་དང༌། ཆོས་དད་རང་དབང་། སྨྲ་བརྗོད་རང་དབང་། རང་མི་རིགས་ཀྱི་སྐད་ཡིག་སྦྱང་སྤྱོད་སྤེལ་གསུམ་གྱི་རང་དབང་སོགས་མེད་པ་མ་ཟད། གཞི་རྩའི་འགྲོ་བ་མིའི་ཐོབ་ཐང་ཙམ་ཡང་མེད། ལྷག་པར་༸ཀུན་གཟིགས་༧པཎ་ཆེན་སྐུ་ཕྲེང་བཅུ་གཅིག་པ་དགེ་འདུན་ཆོས་ཀྱི་ཉི་མ་མཆོག་གཙོ་བྱས་པའི་ད་བར་བོད་ནང་གི་ཆབ་སྲིད་བཙོན་པ་འདས་གསོན་ཡོངས་ལ་རྒྱ་དམར་སྲིད་གཞུང་གིས་ལྐོག་གཡོ་ངན་བྱུས་ཀྱིས་ཉེས་མེད་ཉེས་འདོགས་དང་། མ་ཉེས་ཁག་གཡོགས། མི་དཀར་པོ་ལ་ཞྭ་མོ་ནག་པོ་གཡོགས་ནས་གང་བྱུང་འཛིན་བཟུང་བཙོན་འཇུག་གིས་སྡུག་སྦྱོང་མནར་གཅོད་དང་སྡུག་གསོད་བཏང་དང་གཏོང་མུས་རེད། དེར་བརྟེན། རྒྱ་གཞུང་གིས་བོད་ཐོག་ཞཱ་མོ་ནག་པོ་གཡོགས་པར་བརྟེན། ལས་འགུལ་འདིར་ཞཱ་མོ་ནག་པོ་ཞེས་བཏགས་པ་ཡིན། ཞེས་འགྲེལ་བརྗོད་གནང་སོང་།
ཁོང་གིས་མུ་མཐུད་ནས་གསུང་དོན། ཉེ་ལམ་སྤྱི་ཟླ་༣ ཚེས་༡༢ ཉིན་རྒྱ་ནག་མི་དམངས་འཐུས་མི་ཚོགས་ཆེན་སྐབས་ “མི་རིགས་མཐུན་སྒྲིལ་ཡར་ཐོན་སྐུལ་འདེད་ཁྲིམས་ཡིག” ཅེས་པ་གཏན་འབེབས་ཀྱིས་བོད་མི་རིགས་བཙན་སྒྱུར་གྱི་ཁྲིམས་ཡིག་ཅིག་བཙན་འགེལ་བྱས་པར་བོད་ཀྱི་གཞོན་ནུ་ལྷན་ཚོགས་ཀྱི་ངོས་ནས་ཁ་གཏད་གདོང་ལེན་དང་ངོ་རྒོལ་སྐྱོན་བརྗོད་མཐའ་གཅིག་ཏུ་བྱ་རྒྱུ་མ་ཟད། དགྲ་བོ་རྒྱ་དམར་སྲིད་གཞུང་གིས་བཙན་འགེལ་བྱས་པའི་ལེའུ་བདུན་དང་དོན་ཚན་རེ་ལྔ་ཅན་གྱི་བཅའ་ཁྲིམས་དེ་ནི། དོན་དུ་མི་རིགས་བཙན་སྒྱུར་དང་རིག་གཞུང་བསྲེས་ལྷད་གཏོང་ཐབས། མདོར་ན་རྒྱའི་བཙན་འོག་ན་དུས་ད་ལྟ་བར་གནས་པའི་རྒྱལ་ཁབ་དང་མི་རིགས་ཁག་གི་བསམ་བློའི་རང་དབང་དང༌། སྨྲ་བརྗོད་རང་དབང༌། འགྲོ་འདུག་གི་རང་དབང༌། ཆོས་དད་རང་དབང་། སྐད་ཡིག་སྦྱོང་སྤྱོད་སྤེལ་གསུམ་གྱི་རང་དབང༌། ཁོར་ཡུག་སྲུང་སྐྱོབ་ཀྱི་རང་དབང༌། ཡུལ་སྲོལ་གོམས་གཤིས། ཡ་རབས་བཟང་སྤྱོད། བསམ་བློའི་འདུ་ཤེས་སོགས་ལ་རྩིས་མེད་རྡོག་རོལ་དང་སྡུག་རྩུབ་གཉའ་མནོན་གཏོང་བའི་ཚད་ལྡན་མ་ཡིན་པའི་ཁྲིམས་འགལ་གྱི་བཅའ་ཁྲིམས་ཤིག་རེད། དམིགས་བསལ་བཅའ་ཁྲིམས་དེའི་དོན་ཚན་རེ་བཞི་པར་ “ཞིང་ཆེན་དང་རང་སྐྱོང་ལྗོངས། ཐད་སྐྱོང་གྲོང་ཁྱེར་དང་ཆུས་བཙུགས་པའི་གྲོང་ཁྱེར། རང་སྐྱོང་ཁུལ་བཅས་ཀྱི་མི་དམངས་འཐུས་མི་ཚོགས་ཆེན་དང་དེའི་རྒྱུན་ལས་ཨུ་ཡོན་ལྷན་ཁང་གིས་ས་གནས་དེ་གའི་གནས་ཚུལ་དངོས་དང་ཟུང་འབྲེལ་བྱས་ཏེ། མི་རིགས་མཐུན་སྒྲིལ་ཡར་ཐོན་ལ་སྐུལ་སྤེལ་གཏོང་ཕྱོགས་ སྐོར་གྱི་ས་གནས་རང་བཞིན་གྱི་ཁྲིམས་སྲོལ་བཟོས་ཆོག” ཅེས་པ་འདིས་དོན་དུ་མི་རིགས་བཙན་སྒྱུར་གྱི་ཁྲིམས་ཡིག་འདིའི་འོག་མ་ཕྱིན་ན། ཡུལ་ལུང་སོ་སོར་གནས་དུས་ཚོད་རྩིས་ཀྱིས་འབྲེལ་ཡོད་འགོ་པ་ཚོར་བཙན་འགེལ་བྱས་ཟིན་པའི་ཁྲིམས་སྲོལ་དེ་ལས་ཀྱང་དམ་དྲག་སྐུལ་འདེད་དང་བཙན་གནོན་ཆེ་བ་བཟོས་ཆོག་པའི་མཆོག་མཆན་སྤྲད་ཡོད། དེ་ནི་ཧ་ཅང་ཀུན་སློང་ངན་པ་དང་སྡུག་རྩུབ་ཆེ་བའི་བྱ་སྤྱོད་ཅིག་རེད། དེ་ལྟར་ན་བོད་ཀྱི་གཞོན་ནུ་ལྷན་ཚོགས་ཀྱི་ངོས་ནས་ལོ་ལྟར་སྤྱི་ཟླ་ ༩ པའི་གཟའ་འཁོར་བཞི་པ་ནི་རང་གཞུང་བཀའ་ཤག་ངོས་འཛིན་ལྟར་རྒྱ་དམར་སྲིད་གཞུང་གིས་བོད་མི་རིགས་ཀྱི་ངོ་བོ་རྩ་བརླག་ཏུ་གཏོང་བའི་བདུན་ཕྲག་ནག་པོ་གཅིག་ཏུ་ངོས་འཛིན་བྱེད་རྒྱུ་ཡིན། ཞེས་དང་།
བོད་ཀྱི་གཞོན་ནུ་ལྷན་ཚོགས་ཀྱི་ངོས་ནས་བོད་རང་དབང་རང་བཙན་མ་ཐོབ་ཀྱི་བར་དེ་སྲིད་དུ་དགྲ་བོ་རྒྱ་དམར་སྲིད་གཞུང་གི་བྱ་ངན་སྤྱོད་ངན་དེ་རིགས་འཛམ་གླིང་རྒྱལ་སྤྱིའི་ཐོག་ཐེར་འདོན་བྱེད་རྒྱུ་མ་ཟད། ནམ་ཡང་ཁ་གཏད་གདོང་ལེན་གྱིས་བོད་དོན་འཐབ་རྩོད་ཀྱི་ལས་འགུལ་སྔར་ལྷག་ནུས་ཤུགས་ལྡན་པ་དང་དང་གཞི་རྒྱ་ཆེ་བ་མུ་མཐུད་སྤེལ་ངེས་ཡིན་པ་ནན་བརྗོད་བྱ་རྒྱུ་ཡིན། བོད་ཀྱི་འཐབ་རྩོད་ནི་གཙོ་བོ་བོད་མི་རང་གིས་འགན་འཁུར་གྱིས་སྒྲུབ་དགོས་པ་ཞིག་ཡིན་པས་གཞིས་ལུས་རྒྱ་ཆེའི་མི་མང་འདས་གསོན་ཡོངས་ཀྱི་བདེ་སྡུག་དང་རེ་འདུན་ཡིད་ལ་བཅངས་ཐོག་བཙན་བྱོལ་རང་དབང་ལུང་པའི་ནང་གནས་བཞུགས་བོད་མི་སྤྱི་སྒེར་ཡོངས་ཀྱིས་རྡོག་རྩ་གཅིག་སྒྲིལ་གྱིས་བོད་དོན་འཐབ་རྩོད་ཀྱི་ལས་འགུལ་སྔར་ལྷག་སྤེལ་རྒྱུར་འབོད་སྐུལ་ནན་པོ་ཞུ་རྒྱུ་དང༌། གཞིས་བཞུགས་རྒྱ་ཆེའི་བོད་རིགས་སྤུན་ཟླ་རྣམས་ནས་ཀྱང་རང་མི་རིགས་ཀྱི་ལར་ཞེན་དང་སྤོབས་པ་ཆེར་བསྐྱེད་ཐོག་བོད་ཀྱི་སྐད་དང་ཡི་གེ ཆོས་དང་རིག་གཞུང༌། ཡུལ་སྲོལ་གོམས་གཤིས་དང་བཅས་པ་གཅེས་ཉར་དར་སྤེལ་བྱ་རྒྱུ་ནི་རང་ཆས་སུ་ཡོད་པའི་ཐོབ་ཐང་དང་འགན་འཁྲི་ཞིག་ཡོད་པ་ཡིད་འཇག་ངང་གཞིས་བྱེས་བོད་མི་མཉམ་འཛོམས་ཀྱི་ཉིན་མོ་མགྱོགས་ནས་མྱུར་དུ་འཆར་བའི་སེམས་ཤུགས་མུ་མཐུད་རྒྱུན་སྐྱོང་ཡོང་བའི་འབོད་སྐུལ་ཞུ་རྒྱུ་ཡིན། ཞེས་གསུངས་སོང་།
དེ་ནས་འཕགས་བོད་མཛའ་འབྲེལ་ཚོགས་པའི་ཚོགས་གཙོ་ཨ་ཇི་ནེ་རི་ཡ་(Ajit Nehria)་དང་མངའ་སྡེ་ཆབ་སྲིད་ཚོགས་པའི་དྲུང་ཆེ་(Shashwat Kapoor) གཉིས་ཀྱིས་ཀྱང་མཛད་སྒོའི་ཐོག་གསུང་བཤད་གནང་ཞིང་། ཁོང་གཉིས་ཀྱིས་བོད་དོན་ལ་རྒྱབ་སྐྱོར་དང་བོད་མི་ཚོའི་རང་དབང་འཐབ་རྩོད་ལ་གདུང་སེམས་མཉམ་སྐྱེད་ཡོད་ཅེས་དང་། ཉིན་ཞིག་བོད་ལ་རང་དབང་འཐོབ་ངེས་ཡིན་པར་ཡིད་ཆེས་བརྟན་པོ་ཡོད་སྐོར་གསུངས་སོང་།
བདེ་སྲུང་བཀའ་བློན་རྒྱ་རི་སྒྲོལ་མ་མཆོག་གིས་ཞཱ་མོ་ནག་པོ་གོམ་བགྲོད་དབུ་འབྱེད་བྱེད་སྒོ་འདི་ཐུན་མོང་མ་ཡིན་པའི་གནས་ཤིག་ཏུ་ཚོགས་ཡོད་པ་དང་། གནས་དེའི་གྱང་ངོས་སུ་བོད་དོན་ཆེད་རང་ལུས་མེར་སྲེག་གནང་མཁན་བོད་མི་ ༡༦༠ ལྷག་གི་འདྲ་པར་བཀལ་ཡོད་པ་གསུངས་སོང་། ཁོང་མོས་འདུས་ཚོགས་ལ་ཕྱི་ལོ་༡༩༩༨ ཟླ་ ༤ ཚེས་ ༢༩ ཉིན་བྱུང་བའི་དཔའ་བོ་ཐུབ་བསྟན་དངོས་གྲུབ་ལགས་ཀྱི་བློས་གཏོང་གི་སྐོར་དྲན་གསོ་གནང་ཞིང་། དེ་ནི་ཡིད་སྐྱོ་བ་ཞིག་ཡིན་རུང་། བོད་དེ་རང་དབང་མ་ཐོབ་བར་མི་རབས་ནས་མི་རབས་བར་བོད་དོན་མུ་མཐུད་གནས་དགོས་པ་དང་། དེ་ལྟར་བྱས་ཚེ་བོད་ཀྱི་དཔའ་བོ་དཔའ་མོ་རྣམས་ཀྱི་བློས་གཏོང་ཆུད་ཟོས་སུ་ཕྱིན་ཡོད་མ་རེད། ཅེས་སོགས་གསུང་སོང་།
ཞཱ་མོ་ནག་པོའི་གོམ་བགྲོད་དེ་དབུས་བོད་མིའི་སྒྲིག་འཛུགས་ཀྱི་ལྟེ་གནས་གངས་སྐྱིད་དུ་སླེབས་སྐབས། སྲིད་སྐྱོང་སྤེན་པ་ཚེ་རིང་མཆོག་གིས་གོམ་བགྲོད་འགོ་འཛུགས་གནང་སོང་། དེ་རྗེས་གསར་འགོད་པ་རྣམས་ལ་སྲིད་སྐྱོང་མཆོག་གིས་རྒྱ་ནག་གཞུང་གིས་ཁྲིམས་གསར་པ་ཞིག་བརྒྱུད་བོད་ཀྱི་སྐད་ཡིག རིག་གཞུང་། ཆོས་ལུགས། ངོ་བོ་བཅས་རྩ་མེད་བཟོ་བཞིན་ཡོད། ཞི་བའི་གོམ་བགྲོད་འདིའི་དམིགས་ཡུལ་ནི་ཁྲིམས་དེ་ལ་ངོ་རྒོལ་དང་ངོས་ལེན་མེད་ཞེས་བྱ་རྒྱུ་དེ་རེད། རྒྱ་ནག་གཞུང་གིས་བོད་ནང་ལག་བསྟར་བྱེད་བཞིན་པའི་མི་སེར་སྤེལ་བའི་སྲིད་བྱུས་དེ་དག་གི་སྐོར་རྒྱལ་སྤྱིའི་ཐོག་གོ་རྟོགས་སྤེལ་རྒྱུ་གལ་ཆེན་པོ་རེད། དམིགས་བསལ་དུ་རྒྱ་གཞུང་གིས་བོད་ཀྱི་སྐད་ཡིག རིག་གཞུང་། ཆོས་ལུགས། ངོ་བོ་བཅས་རྩ་མེད་བཟོ་བ་དང་བོད་ཀྱི་ཁོར་ཡུག་གཏོར་བཤིག་གཏོང་བའི་སྲིད་བྱུས་དེ་དག་གི་སྐོར་གོ་རྟོགས་སྤེལ་རྒྱུ་གལ་ཆེན་པོ་རེད། ཅེས་གསུངས་སོང་།"
91,shambalanews,tibetan,བོད་བསྟན་སྲིད་ཆེད་ཚེ་སྲོག་བློས་གཏོང་གནང་མཁན་གྱི་རྒྱལ་གཅེས་དཔའ་མོ་རྣམས་རྗེས་དྲན་ཞུས་སོང་།,,2024-10-11T00:00:00+00:00,http://www.shambalanews.com/%E0%BD%82%E0%BD%A6%E0%BD%A2%E0%BC%8B%E0%BD%A0%E0%BD%82%E0%BE%B1%E0%BD%B4%E0%BD%A2%E0%BC%8D/%E0%BD%96%E0%BD%99%E0%BD%93%E0%BC%8B%E0%BD%96%E0%BE%B1%E0%BD%BC%E0%BD%A3%E0%BC%8D/%E0%BD%96%E0%BD%BC%E0%BD%91%E0%BC%8B%E0%BD%96%E0%BD%A6%E0%BE%9F%E0%BD%93%E0%BC%8B%E0%BD%A6%E0%BE%B2%E0%BD%B2%E0%BD%91%E0%BC%8B%E0%BD%86%E0%BD%BA%E0%BD%91%E0%BC%8B%E0%BD%9A%E0%BD%BA%E0%BC%8B%E0%BD%A6%E0%BE%B2%E0%BD%BC%E0%BD%82%E0%BC%8B%E0%BD%96%E0%BE%B3%E0%BD%BC%E0%BD%A6%E0%BC%8B%E0%BD%82%E0%BD%8F%E0%BD%BC%E0%BD%84%E0%BC%8B%E0%BD%82%E0%BD%93%E0%BD%84%E0%BC%8B%E0%BD%98%E0%BD%81%E0%BD%93%E0%BC%8B%E0%BD%82%E0%BE%B1%E0%BD%B2%E0%BC%8B%E0%BD%A2%E0%BE%92%E0%BE%B1%E0%BD%A3%E0%BC%8B%E0%BD%82%E0%BD%85%E0%BD%BA%E0%BD%A6%E0%BC%8B%E0%BD%91%E0%BD%94%E0%BD%A0%E0%BC%8B%E0%BD%98%E0%BD%BC%E0%BC%8B%E0%BD%A2%E0%BE%A3%E0%BD%98%E0%BD%A6%E0%BC%8B%E0%BD%A2%E0%BE%97%E0%BD%BA%E0%BD%A6%E0%BC%8B%E0%BD%91%E0%BE%B2%E0%BD%93%E0%BC%8B%E0%BD%9E%E0%BD%B4%E0%BD%A6%E0%BC%8B%E0%BD%A6%E0%BD%BC%E0%BD%84%E0%BC%8B%E0%BC%8D,8861,"ཕྱི་ལོ་༢༠༢༦ ཟླ་༣ ཚེས་༡༢ ཉིན། བཞུགས་སྒར་དྷ་སར་བོད་ཀྱི་བུད་མེད་ལྷན་ཚོགས་ཀྱི་གོ་སྒྲིག་འོག བོད་ཀྱི་བུད་མེད་རང་དབང་སྒེར་ལངས་ཐེངས་༦༧ པ་དུས་དྲན་སྲུང་བརྩི་ཞུ་བའི་མཛད་སྒོ་ཤིག་ཚོགས་སོང་། སྐབས་དེར། བོད་བསྟན་སྲིད་མི་རིགས་ཀྱི་ཆེད་དུ་གཅེས་པའི་ལུས་སྲོག་བློས་གཏོང་གནང་མཁན་གྱི་རྒྱལ་གཅེས་དཔའ་མོ་རྣམས་ཀྱི་སྙིང་སྟོབས་ལ་རྗེས་ལ་ཡིད་རངས་དང་བཀའ་དྲིན་རྗེས་དྲན་ཞུ་རྒྱུ་དང་དུས་ད་ལྟའང་རྒྱ་དམར་སྲིད་གཞུང་གི་དམ་དྲག་འོག་དཀའ་སྡུག་མྱང་དང་མྱོང་བཞིན་པ་རྣམས་ལ་གདུང་སེམས་མཉམ་བསྐྱེད་ཀྱི་ཐོག་ནས་མྱ་ངན་གུས་བཏུད་ཞུ་ཡི་ཡོད། ང་ཚོ་ད་ལྟའི་མི་རབས་རྣམས་ཀྱིས་ནམ་ཡང་བརྗེད་མི་རུང་བའི་གནད་དོན་ཞིག་ལ་ཁོང་རྣམས་པའི་སྙིང་སྟོབས་ལ་བསྔགས་བརྗོད་དང་བོད་གཞིས་བྱེས་གཉིས་མཉམ་འཛོམས་ཡོང་བ་དང་ཁོང་རྣམས་པའི་མངོན་འདོད་བསྒྲུབ་ཐུབ་པ་བྱ་རྒྱུ་ནི་ང་ཚོའི་སྐབས་བབ་ཀྱི་འོས་འགན་ཞིག་ཡིན། ཞེས་བརྗོད་སོང་།
དེ་ཡང་། གོང་ཚེས་ཉིན་གྱི་སྔ་དྲོ་ཆུ་ཚོད་༩།༣༠ ཐོག བཞུགས་སྒར་དྷ་རམ་སའི་གཙུག་ལག་ཁང་ཉེ་འགྲམ་དུ་ཡོད་པའི་གླ་འཁོར་འཇོག་ཡུལ་དུ། བོད་ཀྱི་བུད་མེད་ལྷན་ཚོགས་ཀྱི་གོ་སྒྲིག་འོག བོད་ཀྱི་བུད་མེད་རང་དབང་སྒེར་ལངས་ཐེངས་༦༧ པ་དུས་དྲན་སྲུང་བརྩི་ཞུ་བའི་མཛད་སྒོ་ཤིག་ཚོགས་སོང་། མཛད་སྒོའི་སྐུ་མགྲོན་གཙོ་བོ་ནི་བོད་ཀྱི་ཆབ་སྲིད་བཙོན་ཟུར་ཀེའུ་ཚང་རིན་པོ་ཆེ་མཆོག་དང། སྐུ་མགྲོན་གཞན་ནི་བོད་ཀྱི་འབྲེལ་མིན་པའི་ཚོགས་པ་ཁག་གི་འགན་འཛིན་དང་སྐུ་ཚབ། དེར་དྷ་སྟེང་བོད་ཁྱིམ་གྱི་སློབ་མ། བཙུན་མ་གཙོས་བོད་ཀྱི་བུད་མེད་དང་སྐྱེས་པ་ཁག་ཅིག་མཉམ་ཞུགས་གནང་འདུག
དེ་ནས་བོད་ཀྱི་བུད་མེད་ཀྱི་ལྷན་ཚོགས་ཀྱི་ཚོགས་གཞོན་ཀུན་བཟང་སྒྲོལ་མ་ལགས་ཀྱིས་བོད་ཀྱི་བུད་མེད་རང་དབང་སྒེར་ལངས་ཐེངས་༦༧ ཐོག་དབུས་སྤྱི་ཁྱབ་རྒྱུན་ལས་ཁང་གི་ཡོངས་ཁྱབ་བསྒྲགས་གཏམ་བཀླགས་གནང་སོང་། དེའི་ནང་འཁོད་དོན། ཕྱི་ལོ་༡༩༥༩ ལོར་བོད་ས་ཡོངས་རྫོགས་རྒྱ་གཞུང་གིས་ཁྲིམས་འགལ་ཐོག་བཙན་བཟུང་བྱས་ནས་བོད་རྒྱལ་ཁབ་ཆགས་འཇིག་ལ་ཐུགས་སྐབས་བོད་གཞུང་མང་གཉིས་ནས་ཕོ་ཟད་མོ་ལ་ཐུག་པ་དང་ལག་ཟད་དཔུང་ལ་ཐུག་ཀྱང་ཕྱི་ལོ་༡༩༥༩ ཟླ་༣ ཚེས་༡༢ ཉིན་ཆོལ་གསུམ་བོད་ཀྱི་བུད་མེད་རྣམས་ནས་རྒྱ་ནག་དམར་གཞུང་གིས་དྲག་མཚོན་གྱི་མདུན་དུ་བདེན་པའི་འབོད་སྒྲ་བསྒྲོགས་ནས་གདོང་ལེན་གྱི་ལས་འགུལ་ནང་རྒྱལ་གཅེས་དཔའ་མོ་རྣམས་ཀྱི་དཔའ་མཛངས་སྙིང་སྟོབས་ཞུམ་པ་མེད་པར་བོད་བསྟན་སྲིད་ཀྱི་དོན་དུ་མ་གྲོས་བསམ་པ་གཅིག་མཐུན་གྱིས་བོད་ཀྱི་རྒྱལ་ས་ལྷ་སའི་ཕོ་བྲང་པོ་ཏཱ་ལའི་འབྲས་བུ་གཡུལ་ཀའི་ཐང་ཆེན་དུ་རྒྱལ་གཅེས་དཔའ་མོ་སྟོང་ཕྲག་མང་པོ་འདུ་ འཛོམས་ཀྱིས་རྒྱ་ནག་དམར་པོའི་སྲིད་གཞུང་གིས་ཁྲིམས་འགལ་ཐོག་ནས་བོད་ས་ཡོངས་རྫོགས་དབང་བསྒྱུར་བྱས་པར་གཞི་རྒྱ་ཆེ་བའི་བུད་མེད་སྒེར་ལངས་གནང་ནས་མི་ལོ་༦༧ ཧྲིལ་པོ་འཁོར་བའི་གལ་ཆེན་དུས་ཚིགས་ཀྱི་ཉིན་མོ་ཞིག་ཡིན། དེ་ནི་བོད་གཞི་བྱེས་གཉིས་སུ་གནས་པའི་བུད་མེད་ཙམ་མ་ཡིན་པར། བོད་མི་ཡོད་དོ་ཅོག་གིས་བརྗེད་ཐབས་མེད་པའི་ལོ་རྒྱུས་རང་བཞིན་ལྡན་པའི་ཉིན་མོ་ཞིག་ཡིན། གནད་དོན་འདི་ལ་གཞུང་སྒེར་སུས་ཀྱང་སྣང་མེད་གྱུར་རུང་བ་ཞིག་གཏན་ནས་མིན།
ཕྱི་ལོ་༡༩༥༩ ཟླ་༣ ཚེས་༡༢ ཉིན་བྱས་པ་ཅན་གྱི་ཆོལ་གསུམ་བུད་མེད་རྣམས་ཀྱིས་སྒྲིག་འཛུགས་རྒྱུན་འཛིན་ཆེད་བཙན་བྱོལ་ནང་ཀ་རྡོར་སྒང་གསུམ་དུ་ལོ་གཅིག་འཁོར་མ་ཐག་དྲན་གསོ་ཞུས་པ་དང་དེ་རྗེས་མུ་མཐུད་ལས་འགུལ་རབ་དང་རིམ་པ་ཞུས་ཡོད། ཕྱི་ལོ་༡༩༨༤ ལོར་སྤྱི་ནོར་ྋགོང་ས་ྋསྐྱབས་མགོན་ཆེན་པོ་མཆོག་གིས་བཀའ་སློབ་ལམ་སྟོན་འོག་ཚོགས་པ་སླར་གསོ་ཞུས་པ་དང༌། བོད་དོན་བདེན་པའི་འཐབ་རྩོད་རྒྱུན་འཁྱོངས་གནས་རྒྱུའི་ཐོག་མའི་དགོངས་པ་དང་དམིགས་ཡུལ་སྙིང་བཅངས་ཀྱིས་ད་རིང་བར་མི་ལོ་ཧྲིལ་པོ་༦༧ འཁོར་གྱི་ཡོད། སྒྲིག་འཛུགས་འདི་ཡིས་ནང་སྔ་ཕྱི་བར་གསུམ་ལྷག་བསམ་གཡོལ་བ་མེད་པར་སྐུ་ལས་སྐྱོན་མྱོང་ཡོད་པའི་བུད་མེད་ཡོངས་དང༌། དམིགས་བསལ་བུད་མེད་རྒན་རབས་རྣམས་ཀྱིས་དུས་ཚོད་ཉག་ཕྲའི་སྐབས་སྐུ་ལས་སྐྱོན་པའི་བཀའ་དྲིན་བཅས་ལ་གུས་བརྩི་ཞུས་བ་དང་སྦྲགས་ཡི་རངས་བསྔགས་བརྗོད་ཞུ་རྒྱུ་ཡིན།
དུས་ད་ལྟ་བར་བོད་ཀྱི་བུད་མེད་ལྷན་ཚོགས་ཀྱི་སྒྲིག་འཛུགས་སྲ་བརྟན་ཡར་རྒྱས་བྱུང་བ་ནི་གཙོ་བོར་སྤྱི་ནོར་༸གོང་ས་༸སྐྱབས་མགོན་ཆེན་པོ་མཆོག་གི་ཐུགས་རྗེའི་བཀའ་དྲིན་དང་ཡང་སྒོས་བོད་མི་རྒན་རབས་གཙོ་བོར་གྱུར་བའི་རྒྱུན་ལས་གོང་མ་རྣམས་དང་ཚོགས་མི་རྣམས་ཀྱིས་སྔ་ཕྱི་བར་གསུམ་དུ་ལྷག་བསམ་སྙིང་བཅངས་ཀྱིས་བོད་སྤྱི་པའི་ལས་དོན་ལ་འགན་འཁུར་ཆེ་བཞེས་གནང་བའི་རླབས་ཆེན་གྱི་གྲུབ་འབྲས་ཞིག་ཡིན། སྤྱི་ནོར་༸གོང་ས་༸སྐྱབས་མགོན་ཆེན་པོ་མཆོག་ལ་བློ་སེམས་རྩེ་གཅིག་གིས་དད་གུས་གཡོ་བ་མེད་པར་ཤར་སྐྱོད་ཞུ་མཁན་གྱི་སྒྲིག་འཛུགས་ཤིག་དང་བོད་དོན་བདེན་པའི་འཐབ་རྩོད་ཐོག་དབུ་མའི་ལམ་ལ་ཤར་བསྐྱོད་ཞུ་མཁན་གྱི་ཆོལ་གསུམ་བོད་བུད་མེད་ཀྱི་སྒྲིག་འཛུགས་གཅིག་པོ་དེའང་ཆགས་ཀྱི་ཡོད། བོད་ཀྱི་བུད་མེད་ལྷན་ཚོགས་ནང་ས་གནས་ཡན་ལག་ཁག་༥༩ དང་ཚོགས་མི་གྲངས་༢༡,༠༠༠ ལྷག་ཡོད་པའི་གཞུང་ཁུངས་མ་ཡིན་པའི་ཚོགས་པ་རྙིང་ཤོས་ཞིག་ཡིན།
ད་བར་ར་རྒྱ་ནག་དམར་པོའི་སྲིད་གཞུང་གིས་བོད་ས་བཙན་འཛུལ་བྱས་པ་ནས་བཟུང་མུ་མཐུད་དྲག་གནོན་འོག་བོད་མི་རིགས་རྩ་མེད་བཟོ་རྒྱུའི་སྲིད་བྱུས་རབ་དང་རིམ་པ་ཞིག་ལག་བསྟར་བྱ་དང་བྱེད་མུས་ཀྱིས་གནས་སྟངས་ཉིན་རེ་ནས་ཉིན་རེ་ཇེ་ཞན་ཇེ་སྡུག་ཏུ་འགྲོ་བཞིན་ཡོད། ལྷག་པར་དུ་བོད་ནང་གི་བོད་མི་རྣམས་རྒྱ་ནག་དམར་པོའི་སྲིད་གཞུང་གི་བརྩན་གནོན་དང་དམ་དྲག་ཁོ་ནའི་འོག་ཉིན་མཚན་མི་འཁྱོལ་བའི་ཛ་དྲག་གི་གནས་སྟངས་དེ་ཇེ་བཞིན་ཇེ་སྡུག་ཏུ་གནས་ཡོད་པ་ཚང་མས་མཁྱེན་གསལ་རེད།
དེང་གི་ཆར་ཡང་རྒྱ་གཞུང་གིས་བོད་ནང་གླུ་བ་དང་རྩོམ་པ་པོ། ཁོར་ཡུག་སྲུང་སྐྱོབ་པ། ཆོས་དང་རིག་གཞུང་སྲུང་སྐྱོབ་པ། སྐད་དང་ཡི་གེ་སྲུང་སྐྱོབ་ཀྱི་འགན་འཁུར་བ། བླ་ཆེན་དང་སྐྱ་སེར་ཕོ་མོ་སོགས་བོད་མི་རིགས་ཀྱི་བདེ་སྡུག་ལས་དོན་ཆེ་ཆུང་ཅི་རིགས་གནང་མཁན་ལ་ཆབ་སྲིད་ཀྱི་ཉེས་མིང་བཙུགས་ཏེ་དོན་མེད་གང་བྱུང་བཙོན་ཁང་ནང་གཅར་རྡུང་དྲག་པོ་གཏོང་བ་དང་འཛིན་བཟུང་བྱེད་པ། བོད་མི་གར་སོང་ཆ་མེད་དུ་བཏང་བ། རང་གི་ཡུལ་དུ་རང་གི་སྐད་དང་ཡིག་གེ་ལ་སྐུལ་བཅོལ་གྱི་རིན་ཐང་དང་ནུས་པ་རྩ་རླག་ཏུ་གཏོང་བ་ལ་སོགས་པའི་དམ་དྲག་གི་གནས་སྟངས་ཛ་དྲག་ཡིན་པ་མ་ཟད་བོད་མིའི་ཐོག་ལག་བསྟར་བྱེད་མུས་སུ་ཡོད་པའི་མཁྲེགས་བཟུང་སྲིད་ཇུས་དེ་ཕམ་ཉེས་དང༌། དབང་ཆ་གཅིག་བསྡུད་དང་ནོར་འཁྲུལ་ཅན་གྱི་སྲིད་ཇུས་ཡིན་པར་རྒྱ་གཞུང་གི་འགོ་འཁྲིད་ཚོས་ངོས་ལེན་བྱེད་དགོས། དེ་ལྟར་ཛ་དྲག་གི་གནས་བབ་རྣམས་ངེད་ལྷན་ཚོགས་ནས་མཉམ་འབྲེལ་རྒྱལ་ཚོགས་དང༌། གནད་དོན་འབྲེལ་ཆགས་ཀྱི་ཚན་པ་སོ་སོར་ཞུ་གཏུགས་ཀྱི་སྙན་ཞུ་ཕུལ་མུས་ཡིན། དེ་བཞིན་བོད་རྒྱའི་དཀའ་རྙོགས་དྲང་བདེན་སེལ་ཐབས་སུ། བོད་ཀྱི་གནད་དོན་ནི་བོད་མི་རིགས་དང༌། དེར་བདག་པའི་ས་ཁྱོན་ཞིག་གི་བདག་དབང་ཙམ་མིན་པར། འགྲོ་བ་མིའི་རིགས་ཀྱི་བཟང་སྤྱོད་དང༌། དྲང་སྙོམས་བཅས་ཉམས་རྒུད་ལས་སྐྱོབ་བྱེད་ཀྱི་དུས་རབས་ཉེར་གཅིག་པའི་དཔལ་ཡོན་གཅིག་པུ་དེ་ལགས་ན། དྲང་བདེན་གྱི་ཚད་གཞི་འདི་ཉིད་གཙིགས་འཛིན་བྱེད་པའི་རྒྱལ་སྤྱིའི་གཞུང་དམངས་གཉིས་ངོས་ནས། བོད་ཀྱི་བདེན་མཐའ་བོད་རྒྱ་ཞི་མོལ་གྱི་ལམ་ནས་སེལ་ཐབས་སུ་རྒྱལ་སྤྱིའི་ཁོར་ཡུག་སྐྲུན་དགོས་པའི་བོད་ཀྱི་བུད་མེད་ལྷན་ཚོགས་ནས་སྙན་ཞུ་དང་འབོད་སྐུལ་ཞུ་མུས་ཡིན།
རྒྱ་གཞུང་གིས་གོ་མཚོན་སྣ་ཚོགས་བེད་སྤྱོད་ཀྱིས་ད་བར་བོད་མི་ས་ཡ་གཅིག་ལྷག་དམར་གསོད་བཏང་ཡོད་པ་དང་། ཀུན་གཟིགས་༧པཎ་ཆེན་སྐུ་ཕྲེང་༡༡ པ་རིན་པོ་ཆེ་གཙོས་པའི་བོད་མི་གྲངས་ལས་འདས་པ་གར་སོང་ཆ་མེད་དུ་འགྱུར་ཡོད། ལྷག་པར་དུ་བོད་རྒྱལ་ཁབ་དང་མི་རིགས་ཀྱི་དོན་དུ་བོད་མི་སེར་སྐྱ་ཕོ་མོ་༡༦༩ ནས་རང་ལུས་མེར་བསྲེགས་བཏང་སྟེ་རྒྱ་གཞུང་གི་མཁྲེགས་བཟུང་སྲིད་ཇུས་ལ་འུ་ཐུག་ཐབས་ཟད་ཀྱིས་ཚད་མཐོའི་ལས་འགུལ་གནང་ཡོད། མ་ཟད་ལྷག་དོན་རང་ལུས་མེར་བསྲེགས་གནང་མཁན་རྣམས་ཀྱི་ཤུལ་ལུས་ནང་མིར་བསུན་གཙིར་དང་བཙན་པོ་དབང་ཡོད་བྱས་དང་བྱེད་མུས་རེད། རྒྱ་གཞུང་གྱིས་བོད་མི་རིགས་རྩ་མེད་བཟོ་རྒྱུ་དང་བོད་རྒྱལ་ཁབ་དེ་རྒྱ་སྡེ་ལ་འགྱུར་རྒྱུའི་བསམ་ངན་རྩུབ་སྤྱོད་ཀྱི་སྲིད་བྱུས་མུ་མཐུད་འཛིན་ནས་དོན་མེད་ཀྱིས་འཛིན་བཟུང་བཙོན་འགག་དང༌། ཉིན་མཚན་ཀུན་དུ་རང་དབང་དང་ཞི་བདེ་ལ་དགའ་བའི་བོད་མི་རྣམས་འགྲོ་འདུག་སྤྱོད་གསུམ་གྱི་རང་དབང་མེད་པར་བཀག་འགོག་སྟངས་འཛིན་བྱེད་པ། རྒྱ་གཞུང་གྱིས་བོད་ནང་བཅའ་སྡོད་སློབ་གྲྭ་ཟུར་བཙུགས་ཀྱིས་བོད་ཕྲུག་རྣམས་སློབ་གྲྭར་བཙན་འགག་བྱས་ནས་ཕ་མ་དང་ཁ་བྲལ་བཏང་ནས་ངན་ཇུས་སློབ་གསོ་སྤྲད་པ་མ་ཟད། ན་ཆུང་བྱིས་པ་གྲྭ་བཙུན་བྱ་མི་ཆོག་པའི་བཙན་ཁྲིད་ཀྱིས་སློབ་གསོ་བྱེད་བཞིན་ཡོད།
སྤྱིར་བོད་མཐོ་སྒང་ལ་འཛམ་གླིང་གི་སྣེ་གསུམ་པ་ཞེས་འབོད་ཅིང་གོ་ལ་སྤྱི་ཡོངས་ཀྱི་ཁོར་ཡུག་གི་འགྱུར་འགྲོས་ལ་ཁྱད་པར་བཟོ་ཐུབ་པའི་ནུས་པ་ལྡན་ཞིང་རྒྱ་ནག་དམར་གཞུང་གིས་བོད་ས་བཙན་འཕྲོག་བྱས་པ་ནས་བཟུང་བོད་ནང་གི་ཤིང་ནགས་གཅོད་བྲེགས་དང་། གཏེར་ཁ་སྔོག་འདོན། ལོ་རྒྱུས་རང་བཞིན་ལྡན་པའི་རྩ་ཆེའི་གནའ་བོའི་ཤུལ་བཞག་རྣམས་མེད་པར་བཟོ་བ། བོད་ནང་གི་ཆུ་ཆེན་དང་གཙང་ཆུ་ཆེ་ཁག་ཐོག་གང་སར་ཆུ་མཛོད་གསར་རྒྱག་དང་ཁ་སྒྱུར་བྱས་དང་བྱེད་མུས་དང༌། མ་ཟད་སྣོད་བཅུད་གཉིས་ལ་གཏོར་སྐྱོན་གཏོང་མུས་དེ་ངེས་པར་མཚམས་འཇོག་དགོས། འོན་ཀྱང་བོད་ནང་གི་བོད་རིགས་སྤུན་ཟླ་རྣམས་ཀྱིས་སྙིང་སྟོབས་དང་སེམས་ཤུགས་ཞུམ་པ་མེད་པར་རྒྱ་ནག་གཞུང་གིས་བོད་མིར་འཛིན་པའི་གདུག་རྩུབ་ཅན་གྱི་བྱ་སྤྱོད་དེར་ཞི་བའི་ངོ་རྒོལ་སྤེལ་མུས་ཡིན་པ་ཡི་རངས་བསྔགས་བརྗོད་ཞུ། སྤྱིར་རྒྱལ་སྤྱིའི་ཆབ་སྲིད་ཀྱི་འགྱུར་འགྲོས་དང་། རྒྱ་ནག་གིས་བོད་དུ་འཛིན་པའི་སྲིད་ཇུས་གནས་སྟངས་སོགས་ལ་རྒྱལ་སྤྱིའི་ཐོག་བོད་མི་སྤྱི་སྒེར་ཡོངས་ནས་བོད་ཀྱི་བདེན་པའི་འཐབ་བརྩོད་དང་བོད་ནང་དངོས་ཡོད་གནས་སྟངས་ཐོག་དྲིལ་བསྒྲགས་དང་ཞུ་གཏུགས་ཀྱི་ལས་འགུལ་རབ་དང་རིམ་པར་སྤེལ་བར་བརྟེན། བོད་རྒྱའི་དཀའ་རྙོག་སེལ་ཐབས་ལ་རྒྱལ་སྤྱིའི་ཐོག་ལོ་རེ་ནས་རྒྱབ་སྐྱོར་གནང་མཁན་ཇེ་མང་དུ་འགྲོ་བཞིན་ཡོད། ལྷག་པར་དུ་བོད་ཀྱི་བུད་མེད་ལྷན་ཚོགས་ཀྱི་སྒྲིག་འཛུགས་ཀྱིས་ད་བར་རྒྱལ་སྤྱིའི་ཐོག་གཟེངས་སུ་ཐོན་པའི་ལས་འགུལ་སྣ་མང་ཞིག་སྤེལ་ཐུབ་པ་བྱུང་ཡོད། མ་འོངས་པའང་བོད་ཀྱི་བུད་མེད་ལྷན་ཚོགས་ནས་དབུ་མའི་ལམ་གཞིར་བཞག་པའི་ཐོག་ནས་བོད་ཀྱི་བདེན་པའི་འཐབ་བརྩོད་ཀྱིས་ལས་འགུལ་སྔར་ལྷག་སྤེལ་རྒྱུ་ཡིན་པ་ཆོས་སེམས་བརྟན་པོ་བཟུང་ཡོད།
བོད་བསྟན་སྲིད་མི་རིགས་ཀྱི་ཆེད་དུ་གཅེས་པའི་ལུས་སྲོག་ཚུན་ཆད་བློས་གཏོང་གནང་མཁན་གྱི་རྒྱལ་གཅེས་དཔའ་མོ་རྣམས་ཀྱི་དཔའ་མཛངས་སྙིང་སྟོབས་ཀྱི་མཛད་རྗེས་ལ་ཡིད་རངས་བསྔགས་བརྗོད་དང་བཀའ་དྲིན་རྗེས་དྲན་ཞུ་རྒྱུ་དང་དུས་ད་ལྟའང་རྒྱ་དམར་སྲིད་གཞུང་གི་དམ་དྲག་འོག་དཀའ་སྡུག་མྱང་དང་མྱོང་བཞིན་པ་རྣམས་ལ་གདུང་སེམས་མཉམ་བསྐྱེད་ཀྱི་ཐོག་ནས་མྱ་ངན་གུས་བཏུད་ཞུ་ཡི་ཡོད། ང་ཚོ་ད་ལྟའི་མི་རབས་རྣམས་ཀྱིས་ནམ་ཡང་བརྗེད་མི་རུང་བའི་གནད་དོན་ཞིག་ལ་ཁོང་རྣམས་པའི་སྙིང་སྟོབས་ལ་བསྔགས་བརྗོད་དང་བོད་གཞིས་བྱེས་གཉིས་མཉམ་འཛོམས་ཡོང་བ་དང་ཁོང་རྣམས་པའི་མངོན་འདོད་བསྒྲུབ་ཐུབ་པ་བྱ་རྒྱུ་ནི་ང་ཚོའི་སྐབས་བབ་ཀྱི་འོས་འགན་ཞིག་ཡིན། འདས་པའི་མི་ལོ་༦༧ རིང་རྒྱལ་སྤྱིའི་ནང་གི་བོད་དོན་ལ་དྲང་བདེན་རྒྱབ་སྐྱོར་གནང་མཁན་ཡོངས་ལ་གོ་སྐབས་འདི་བརྒྱུད་སྙིང་དབུས་ནས་ཐུགས་རྗེ་ཆེ་ཞུ་རྒྱུ་དང་སླད་མ་འོངས་པར་རྒྱབ་སྐྱོར་མུ་མཐུད་གནང་སྐྱོང་ཡོང་བ་ཞུ་རྒྱུ་ཡིན།
མཐའ་དོན། བོད་མིའི་བླ་ན་མེད་པའི་དབུ་ཁྲིད་སྤྱི་ནོར་༸གོང་ས་ྋསྐྱབས་མགོན་ཆེན་པོ་མཆོག་སྐུ་ཚེ་ཞབས་པད་བསྐལ་བརྒྱར་བརྟན་ཅིང་ཐུགས་ཀྱི་བཞེད་དགོངས་མཐའ་དག་ལྷུན་གྱི་འགྲུབ་པ་དང༌། བོད་ཀྱི་བདེན་མཐའ་མྱུར་དུ་བསལ་ནས་གཞིས་བྱེས་བོད་མི་རྣམས་གང་མགྱོགས་མཉམ་འཛོམས་ངང་རང་དབང་བདེ་སྐྱིད་དཔལ་ལ་རོལ་བའི་བཀྲ་ཤིས་སྨོན་འདུན་དང་བཅས། ཞེས་བཀོད་འདུག"
92,shambalanews,tibetan,སྤྱི་ནོར་༸གོང་ས་༸སྐྱབས་མགོན་ཆེན་པོ་མཆོག་ལ་ཚོགས་པ་གསུམ་ནས་བརྟན་བཞུགས་བསྟར་འབུལ་ཞུས་སོང་།,,2024-10-11T00:00:00+00:00,http://www.shambalanews.com/%E0%BD%82%E0%BD%A6%E0%BD%A2%E0%BC%8B%E0%BD%A0%E0%BD%82%E0%BE%B1%E0%BD%B4%E0%BD%A2%E0%BC%8D/%E0%BD%96%E0%BD%99%E0%BD%93%E0%BC%8B%E0%BD%96%E0%BE%B1%E0%BD%BC%E0%BD%A3%E0%BC%8D/%E0%BD%A6%E0%BE%A4%E0%BE%B1%E0%BD%B2%E0%BC%8B%E0%BD%93%E0%BD%BC%E0%BD%A2%E0%BC%8B%E0%BC%B8%E0%BD%82%E0%BD%BC%E0%BD%84%E0%BC%8B%E0%BD%A6%E0%BC%8B%E0%BC%B8%E0%BD%A6%E0%BE%90%E0%BE%B1%E0%BD%96%E0%BD%A6%E0%BC%8B%E0%BD%98%E0%BD%82%E0%BD%BC%E0%BD%93%E0%BC%8B%E0%BD%86%E0%BD%BA%E0%BD%93%E0%BC%8B%E0%BD%94%E0%BD%BC%E0%BC%8B%E0%BD%98%E0%BD%86%E0%BD%BC%E0%BD%82%E0%BC%8B%E0%BD%A3%E0%BC%8B%E0%BD%9A%E0%BD%BC%E0%BD%82%E0%BD%A6%E0%BC%8B%E0%BD%94%E0%BC%8B%E0%BD%82%E0%BD%A6%E0%BD%B4%E0%BD%98%E0%BC%8B%E0%BD%93%E0%BD%A6%E0%BC%8B%E0%BD%96%E0%BD%A2%E0%BE%9F%E0%BD%93%E0%BC%8B%E0%BD%96%E0%BD%9E%E0%BD%B4%E0%BD%82%E0%BD%A6%E0%BC%8B%E0%BD%96%E0%BD%A6%E0%BE%9F%E0%BD%A2%E0%BC%8B%E0%BD%A0%E0%BD%96%E0%BD%B4%E0%BD%A3%E0%BC%8B%E0%BD%9E%E0%BD%B4%E0%BD%A6%E0%BC%8B%E0%BD%A6%E0%BD%BC%E0%BD%84%E0%BC%8B%E0%BC%8D,3582,"ཕྱི་ལོ་༢༠༢༦ ཟླ་༣ ཚེས་༢༥ ཉིན། བཞུགས་སྒར་དྷ་རམ་སའི་ཐེག་ཆེན་ཆོས་གླིང་གཙུག་ལག་ཁང་དུ། དབུས་གཙང་ཆོལ་ཁའི་དབུས་ས་གཉིས་དང་། མདོ་ཁམས་རྫ་ཆུ་ཁའི་སྐྱིད་སྡུག་ཚོགས་པ། མང་ཡུལ་སྐྱིད་གྲོང་སྐྱིད་སྡུག་བཅས་ནས་སྤྱི་ནོར་༸གོང་ས་༸སྐྱབས་མགོན་ཆེན་པོ་མཆོག་ལ་བརྟན་བཞུགས་བསྟར་འབུལ་ཞུས་སོང་། སྐབས་དེར། ༸གོང་ས་མཆོག་གི་བཀའ་དྲིན་མཚོན་བྱེད་དུ་དབུས་གཙང་ཆོལ་ཁ་ནས་འཇིག་རྟེན་ཀུན་ཁྱབ་གཟེངས་བསྟོད་ཞེས་པ་དང་། མདོ་ཁམས་རྫ་ཆུ་ཁའི་སྐྱིད་སྡུག་ཚོགས་པ་ནས་ནོར་བུའི་ཕྲེང་བ་ཅེས་པའི་གཟེངས་རྟགས་འབུལ་བཞེས་གནང་སོང་།
དེ་ཡང་། གོང་ཚེས་ཉིན་གྱི་སྔ་དྲོར་ཆུ་ཚོད་༨།༣༠་ཡས་མས་ལ་སྤྱི་ནོར་༸གོང་ས་༸སྐྱབས་མགོན་ཆེན་པོ་མཆོག་༸རྒྱལ་བ་ཕོ་བྲང་ནས་གཙུག་ལག་ཁང་དུ་ཕེབས་གནང་སོང་། ཚོགས་པ་གསུམ་གྱི་སྐུ་ཚབ་ཁག་ནས་སྤོས་སྣེས་མདུན་བསུ་དང་། རྣམ་གྲྭས་སྤྱན་རྒྱ་དང་བཅས་ཕེབས་བསུ་དང་བཅས་བཞུགས་ཁྲིར་ཞབས་སོར་འཁོད་མཚམས་བརྟན་བཞུགས་ཀྱི་རྡོ་རྗེ་སློབ་དཔོན་གླིང་མཆོག་སྤྲུལ་རིན་པོ་ཆེ་མཆོག་ནས་མཇལ་དར་རྐྱང་འབུལ་དང་འབྲེལ་༸རྒྱལ་བའི་འཁྲུངས་རབས་གསོལ་འདེབས་སོགས་རིམ་པར་གསུངས་ཏེ་བརྟན་བཞུགས་དབུ་འཛུགས་མཛད་སོང་།
བརྟན་བཞུགས་དངོས་གཞིན་བླ་མ་ལྷར་བསྐྱེད་དང་མཆོད་བསྟོད་ཚེ་འགུགས་སོགས་བརྟན་བཞུགས་ཀྱི་ཆོ་ག་རིམ་པར་ཕེབས་པ་དང་། གསོལ་འདེབས་མཎྜལ་སྐབས་སུ་དབུ་བཞུགས་གླིང་མཆོག་སྤྲུལ་རིན་པོ་ཆེ་ནས་མཎྜལ་འདེགས་འབུལ་དང་། བརྟན་བཞུགས་སྦྱིན་བདག་འཐུས་མི་ནས་ཚོམ་བུ་ཟུར་འདེགས་ཞུས་ཤིང་། རྡོར་སློབ་ནས་སྐུ་རྟེན་དང་། གསུང་རྟེན། ཐུགས་རྟེན། ཚེ་བུམ། རིགས་ལྔའི་མཚན་མ། ཚེ་ཆང་། ཚེ་རིལ་བཅས་འདེགས་འབུལ་དང་། དེ་ནས་རྒྱལ་སྲིད་སྣ་བདུན་དང་། བཀྲ་ཤིས་རྟགས་བརྒྱད་དང་རྫས་བརྒྱད་བཅས་བཤད་པ་དང་སྦྲགས་རིམ་བཞིན་འབུལ་ལམ་ཞུས་ཤིང་། ཚོགས་པ་གསུམ་ཐུན་མོང་གིས་༸གོང་ས་༸སྐྱབས་མགོན་ཆེན་པོ་མཆོག་ལ་དངུལ་ནས་བཟོས་པའི་སྒྲོལ་དཀར་གྱི་སྐུ་བརྙན་ཞིག་ཀྱང་ཕུལ་སོང་། བརྟན་བཞུགས་སྦྱིན་བདག་འཐུས་མི་ཁག་ཅིག་གིས་མཇལ་ཁ་ཞུས་སོང་།
དེ་ནས་སྤྱི་ནོར་༸གོང་ས་༸སྐྱབས་མགོན་ཆེན་པོ་མཆོག་གི་བཀའ་དྲིན་མཚོན་བྱེད་དུ་དབུས་གཙང་ཆོལ་ཁའི་དབུས་ས་གཉིས་ནས་འཇིག་རྟེན་ཀུན་ཁྱབ་གཟེངས་བསྟོད་ཞེས་པ་དང་། མདོ་ཁམས་རྫ་ཆུ་ཁའི་སྐྱིད་སྡུག་ཚོགས་པ་ནས་ནོར་བུའི་ཕྲེང་བ་ཅེས་པའི་གཟེངས་བསྟོད་ཕུལ་གནང་སོང་། དབུས་གཙང་ཆོལ་ཁའི་ཚོགས་མི་ཚེ་རིང་དོན་གྲུབ་ལགས་དང་མདོ་ཁམས་རྫ་ཆུ་ཁའི་སྐྱིད་སྡུག་ཚོགས་པའི་ཚོགས་མི་ཉི་འོད་ལགས་གཉིས་ནས་གཟེངས་བསྟོད་དེ་གཉིས་ཀྱི་འགྲེལ་བརྗོད་བཀླགས་གནང་སོང་།
ཚོགས་མི་ཚེ་རིང་དོན་གྲུབ་ལགས་ཀྱིས་གཟེངས་བསྟོད་དེའི་འགྲེལ་བརྗོད་བཀླགས་པའི་ནང་སྤྱི་ནོར་༸གོང་ས་༸སྐྱབས་མགོན་ཆེན་པོ་མཆོག་གིས་བོད་ཀྱི་ཆོས་སྲིད་གཉིས་ཀྱི་མཛད་འཕྲིན་བསྐྱངས་པ་དང་། ཁོང་གིས་བྱམས་དང་སྙིང་རྗེ་ཡིས་བོད་མི་གཙོས་པའི་འཛམ་གླིང་མི་མང་ལ་བྱམས་སྐྱོང་གནང་ཡོད་པས་བཀའ་དྲིན་བླ་མེད་མཚོན་བྱེད་གཟེངས་བསྟོད་དེ་ཕུལ་བ་སོགས་བཀོད་འདུག
ཉི་འོད་ལགས་ཀྱིས་གཟེངས་བསྟོད་དེའི་འགྲེལ་བརྗོད་ཀློག་དོན། སྐལ་བཟང་གི་གོ་སྐབས་འདི་དང་བསྟུན། ངེད་མདོ་ཁམས་རྫ་ཆུ་ཁ་བའི་ལྷ་སྡེ་མི་སྡེ་དང་བཅས་པས། དད་པ་དང་དམ་ཚིག་གཡོ་བ་མེད་པར། ༧གོང་ས་རྒྱལ་བའི་དབང་པོ་ཐམས་ཅད་མཁྱེན་ཅིང་གཟིགས་པ་ཆེན་པོ་མཆོག་གི་བཀའ་དྲིན་སྙིང་དབུས་སུ་བཅངས་ནས། མགོན་པོ་གང་ཉིད་འཕགས་པ་སྤྱན་རས་གཟིགས། ནོར་བུ་པདྨ་ཅན་དུ་མངའ་གསོལ་བ་མཚོན་པའི་གཟེངས་བསྟོད་ “ནོར་བུ་པདྨ་ཅན་” ཞེས་པ་ཞིག་འདེགས་འབུལ་ཞུ་རྒྱུ་ཡིན་ཞེས་གཟེངས་རྟགས་དེའི་མཚོན་དོན་བཀླགས་སོང་།
ཁོང་གིས་མུ་མཐུད་ནས་ཀློག་དོན། མཐའ་དོན་ངེད་ཅག་མདོ་ཁམས་རྫ་ཆུ་ཁ་བའི་སྐྱ་སེར་ཐུན་མོང་ནས། དད་པ་དང་དམ་ཚིག་གཡོ་བ་མེད་པའི་སྒོ་ནས། དབུས་གཙང་དམ་པ་ཆོས་ཀྱི་ཆོལ་ཁ་དང་། མང་ཡུལ་སྐྱིད་གྲོང་ཚོགས་པ་དང་ལྷན་དུ། ༧གོང་ས་༧རྒྱལ་བའི་དབང་པོ་ཐམས་ཅད་མཁྱེན་ཅིང་གཟིགས་པ་ཆེན་པོ་མཆོག་ལ་བརྟན་བཞུགས་བསྟར་འབུལ་ཞུ་རྒྱུ་བྱུང་བ་དང་། མགོན་པོ་གང་ཉིད་འཕགས་པ་སྤྱན་རས་གཟིགས། ནོར་བུ་པདྨ་ཅན་དུ་མངའ་གསོལ་བ་མཚོན་པའི་གཟེངས་བསྟོད་འདི་ཕུལ་རྒྱུ་བྱུང་བའི་རྣམ་དཀར་གྱི་དགེ་བའི་ལས་འདི་ཡང་། མགོན་པོ་གང་གི་སྐུ་ཚེ་མི་གཞིགས་རྡོ་རྗེའི་ཁམས་སུ་བརྟན་ཅིང་། ཐུགས་ཀྱི་བཞེད་དོན་ཐ་དག་ལྷུན་གྱིས་འགྲུབ་པ་དང་། བོད་ཆོལ་ཁ་གསུམ་པོ། སྐྱིད་ན་སྐྱིད་མཉམ་དང་། སྡུག་ན་སྡུག་མཉམ་ཐོག མཐུན་སྒྲིལ་རྡོག་རྩ་ཆིག་སྒྲིལ་གྱིས་སྒོ་ནས་༧གོང་ས་རྒྱལ་བའི་དབང་པོ་ཐམས་ཅད་མཁྱེན་ཅིང་གཟིགས་པ་ཆེན་པོ་མཆོག་གི་བཀའ་གསུང་གཅིག་སྒྲུབ་ཞུས་ཏེ། གང་མགྱོགས་རང་ཡུལ་ཁ་བའི་ལྗོངས་སུ་རང་དབང་གི་ཉི་གཞོན་བསུས་ནས། མགོན་པོ་གང་ཉིད་གནས་མཆོག་ལྷ་སའི་ཕོ་བྲང་པོ་ཏཱ་ལར་གདན་འདྲེན་ཞུ་ཐུབ་པའི་རྒྱུ་རུ་འགྱུར་བར་སྨོན། ཞེས་བཀླགས་སོང་།"
93,shambalanews,tibetan,བོད་ནང་གི་ཛ་དྲག་གནས་སྟངས་ལ་གདུང་སེམས་མཉམ་སྐྱེད་ཀྱི་གྲོས་འཆར་སྤྱི་མོས་ནས་གཏན་འབེབས་གནང་སོང་།,,2024-10-11T00:00:00+00:00,http://www.shambalanews.com/%E0%BD%82%E0%BD%A6%E0%BD%A2%E0%BC%8B%E0%BD%A0%E0%BD%82%E0%BE%B1%E0%BD%B4%E0%BD%A2%E0%BC%8D/%E0%BD%96%E0%BD%99%E0%BD%93%E0%BC%8B%E0%BD%96%E0%BE%B1%E0%BD%BC%E0%BD%A3%E0%BC%8D/%E0%BD%96%E0%BD%BC%E0%BD%91%E0%BC%8B%E0%BD%93%E0%BD%84%E0%BC%8B%E0%BD%82%E0%BD%B2%E0%BC%8B%E0%BD%9B%E0%BC%8B%E0%BD%91%E0%BE%B2%E0%BD%82%E0%BC%8B%E0%BD%82%E0%BD%93%E0%BD%A6%E0%BC%8B%E0%BD%A6%E0%BE%9F%E0%BD%84%E0%BD%A6%E0%BC%8B%E0%BD%A3%E0%BC%8B%E0%BD%82%E0%BD%91%E0%BD%B4%E0%BD%84%E0%BC%8B%E0%BD%A6%E0%BD%BA%E0%BD%98%E0%BD%A6%E0%BC%8B%E0%BD%98%E0%BD%89%E0%BD%98%E0%BC%8B%E0%BD%A6%E0%BE%90%E0%BE%B1%E0%BD%BA%E0%BD%91%E0%BC%8B%E0%BD%80%E0%BE%B1%E0%BD%B2%E0%BC%8B%E0%BD%82%E0%BE%B2%E0%BD%BC%E0%BD%A6%E0%BC%8B%E0%BD%A0%E0%BD%86%E0%BD%A2%E0%BC%8B%E0%BD%A6%E0%BE%A4%E0%BE%B1%E0%BD%B2%E0%BC%8B%E0%BD%98%E0%BD%BC%E0%BD%A6%E0%BC%8B%E0%BD%93%E0%BD%A6%E0%BC%8B%E0%BD%82%E0%BD%8F%E0%BD%93%E0%BC%8B%E0%BD%A0%E0%BD%96%E0%BD%BA%E0%BD%96%E0%BD%A6%E0%BC%8B%E0%BD%82%E0%BD%93%E0%BD%84%E0%BC%8B%E0%BD%A6%E0%BD%BC%E0%BD%84%E0%BC%8B%E0%BC%8D,6973,"ཕྱི་ལོ་༢༠༢༦ ཟླ་༣ ཚེས་༢༣ ཉིན། སྐབས་བཅུ་བདུན་པའི་བོད་མི་མང་སྤྱི་འཐུས་ལྷན་ཚོགས་ཀྱི་གྲོས་ཚོགས་ཚོགས་དུས་བཅུ་གཅིག་པའི་ལས་ཉིན་བདུན་པའི་ཐོག བོད་མི་མང་སྤྱི་འཐུས་རྣམ་པས་བོད་ནང་གི་ཛ་དྲག་གནས་སྟངས་ལ་གདུང་སེམས་མཉམ་སྐྱེད་ཀྱི་གྲོས་འཆར་སྤྱི་མོས་ནས་གཏན་འབེབས་གནང་སོང་། སྐབས་དེར། བོད་བསྟན་སྲིད་མི་རིགས་ཀྱི་ཆེད་ལུས་སྲོག་ལོངས་སྤྱོད་དང་བཅས་པ་བློས་བཏང་གནང་བའི་བོད་ཀྱི་རྒྱལ་གཅེས་དཔའ་བོ་དཔའ་མོ་རྣམས་ཀྱི་སྙིང་སྟོབས་དང་ཆོད་སེམས་ལ་ཡི་རངས་དང༌། བོད་ལ་འཛིན་པའི་སྲིད་བྱུས་ལ་འགྱུར་བ་ངེས་པར་དུ་གཏོང་དགོས། ཞེས་གསུངས་སོང་།
དེ་ཡང་། གོང་ཚེས་ཉིན་གྱི་སྔ་དྲོར་སྐབས་བཅུ་བདུན་པའི་བོད་མི་མང་སྤྱི་འཐུས་ལྷན་ཚོགས་ཀྱི་གྲོས་ཚོགས་ཚོགས་དུས་བཅུ་གཅིག་པའི་ལས་ཉིན་བདུན་པ་འཚོགས་སྐབས། ཡིག་ཆ་ཨང་། ༡༦ བོད་ནང་གི་ཛ་དྲག་གནས་སྟངས་ལ་གདུང་སེམས་མཉམ་སྐྱེད་ཀྱི་གྲོས་འཆར་སྤྱི་འཐུས་ཚེ་རིང་དབྱངས་ཅན་མཆོག་གིས་སྙན་སྒྲོན་གནང་བ་དང་། དེར་སྤྱི་འཐུས་དགེ་བཤེས་རྔ་བ་གངས་རི་མཆོག་གིས་རྒྱབ་སྐྱོར་གནང་སོང་།
དེ་བཞིན་
ཡིག་ཆ་ཨང་། ༡༦ ཀ
རྒྱ་ནག་མི་དམངས་འཐུས་མི་ཚོགས་ཆེན་ཟེར་བས་ཕྱི་ལོ་༢༠༢༦ ཟླ་ ༣ ཚེས་ ༡༢ ཉིན། ""རྒྱ་ནག་མི་དམངས་སྤྱི་མཐུན་རྒྱལ་ཁབ་ཀྱི་མི་རིགས་མཐུན་སྒྲིལ་ཡར་ཐོན་སྐུལ་འདེད་ཀྱི་ཁྲིམས་ཡིག་"" ཟེར་བའི་ཁྲིམས་ཡིག་གསར་པ་ཞིག་གཏན་འབེབས་བྱས་པར་གདོང་ལེན་གནང་ཕྱོགས་དང་འབྲེལ་བའི་གཞུང་འབྲེལ་གྲོས་ཆོད་གྲོས་འཆར་ཞིག་དཔལ་ལྡན་སྲིད་སྐྱོང་སྤེན་པ་ཚེ་རིང་མཆོག་གིས་སྙན་སྒྲོན་གནང་བར། དཔལ་ལྡན་ཕྱི་དྲིལ་བཀའ་བློན་ནོར་འཛིན་སྒྲོལ་མ་མཆོག་གིས་རྒྱབ་སྐྱོར་གནང་རྗེས། སྤྱི་འཐུས་རྣམ་པས་བགྲོ་གླེང་ལྷུགས་པོ་གནང་སྟེ་གྲོས་ཚོགས་ནས་གྲོས་ཆོད་ཁག་གཉིས་སྤྱི་མོས་ཀྱིས་གཏན་འབེབས་གནང་སོང་།
དེ་ཡང་
བོད་ནང་གི་ཛ་དྲག་གནས་སྟངས་ལ་གཞུང་འབྲེལ་གདུང་སེམས་མཉམ་སྐྱེད་ཀྱི་གྲོས་ཆོད
་ནང་། ༡༽ བོད་བསྟན་སྲིད་མི་རིགས་ཀྱི་ཆེད་ལུས་སྲོག་ལོངས་སྤྱོད་དང་བཅས་པ་བློས་བཏང་གནང་བའི་བོད་ཀྱི་རྒྱལ་གཅེས་དཔའ་བོ་དཔའ་མོ་རྣམས་ཀྱི་སྙིང་སྟོབས་དང་ཆོད་སེམས་ལ་ཡི་རངས་དང༌། ཁོང་རྣམ་པའི་གདུང་འབོད་དང་དགོས་འདུན་བཅས་ལ་རྒྱ་གཞུང་ནས་ངོས་འཛིན་གསལ་པོ་བྱས་ནས། བོད་ལ་འཛིན་པའི་སྲིད་བྱུས་ལ་འགྱུར་བ་ངེས་པར་དུ་གཏོང་དགོས་པ། བོད་ཀྱི་སྣོད་བཅུད་ཚང་མ་ཞི་བདེ་ལྷིང་འཇགས་དང་གུ་ཡངས་བག་ཕེབས་ཅན་གྱི་ཞི་བའི་ལྟེ་གནས་ཤིག་ཏུ་བསྒྱུར་དགོས་པ་དང་། བོད་མི་རྣམས་ལ་འགྲོ་བ་མིའི་གཞི་རྩའི་རང་དབང་རྣམས་ལོངས་སུ་སྤྱོད་རྒྱུའི་གོ་སྐབས་ངེས་པར་དུ་སྤྲོད་དགོས།
༢༽ རྒྱ་དམར་གཞུང་གི་བཙན་དབང་གིས་འཛིན་བཟུང་བཀག་ཉར་བྱས་པའི་༸ཀུན་གཟིགས་པཎ་ཆེན་རིན་པོ་ཆེ་བསྟན་འཛིན་དགེ་འདུན་ཡེ་ཤེས་འཕྲིན་ལས་ (དགེ་འདུན་ཆོས་ཀྱི་ཉི་མ་) མཆོག་གི་གནས་སྟངས་ཁ་གསལ་དགོས་པ་མ་ཟད། ཉེས་མེད་བཙོན་འཇུག་བྱས་ཏེ་སྡུག་སྦྱོང་མནར་གཅོད་མྱོང་བཞིན་པའི་བོད་མི་རྣམས་འཕྲལ་དུ་གློད་གྲོལ་གཏོང་དགོས་པ། བོད་ཁུལ་ཡོངས་རྫོགས་དམག་ས་ལྟ་བུ་བཟོས་ཏེ་དྲག་དམག་གིས་ཉིན་མཚན་དུས་དྲུག་ཏུ་སྟངས་འཛིན་ལྟ་སྲུང་གིས་སུན་གཙེར་བྱེད་བཞིན་པ་མཚམས་འཇོག་དང༌། བོད་ཀྱི་རང་བྱུང་ཁོར་ཡུག་ལ་གཏོར་སྐྱོན་གཏོང་བའི་ལས་གཞི་རྣམས་མྱུར་དུ་མཚམས་འཇོག་བྱ་དགོས།
༣༽ ལོ་རྒྱུས་ཀྱི་གནས་བབས་ཐོག་ནས་བོད་ནི་རྒྱ་ནག་གི་ཆ་ཤས་ནམ་ཡང་མིན་པར་རང་བཙན་གཙང་མའི་རྒྱལ་ཁབ་ཅིག་ཆགས་ཡོད། བོད་མིའི་སྒྲིག་འཛུགས་ཀྱི་ངོས་ནས་བོད་རྒྱ་གཉིས་སྨན་དབུ་མའི་ལམ་གྱི་སྲིད་བྱུས་བརྒྱུད་མ་འོངས་པར་བོད་རིགས་ཡོངས་ལ་མི་རིགས་ས་གནས་རང་སྐྱོང་གི་གནས་བབས་མིང་དོན་མཚུངས་པ་ཞིག་ལག་བསྟར་ཡོང་ཐབས་བྱས་ཡོད་ཀྱང༌། རྒྱ་གཞུང་གི་དཔོན་རིགས་ཚོས་ད་བར་གཡས་ཁག་གཡོན་དཀྲི་དང་གནས་དུས་ཚོད་རྩིས་ཁོ་ན་ལ་བརྟེན་ནས་བོད་རྒྱའི་དཀའ་རྙོག་སེལ་ཐབས་མ་བྱས་པ་དང་། མ་འོངས་པར་ཛ་དྲག་གནས་ཚུལ་ཇི་བྱུང་གི་འགན་ཁུར་ཚང་མ་རྒྱ་དམར་གཞུང་ལ་ཡོད་པ་ནན་བརྗོད་བྱ་རྒྱུ་ཡིན།
༤༽ རྒྱ་ནག་དམར་གཞུང་གིས་བོད་ལ་བཙན་འཛུལ་གྱིས་ཧམ་ཟོས་བྱས་ནས་ད་བར་བོད་མི་རྣམས་ཀྱིས་ལས་འགུལ་ཆེ་ཕྲ་སྣ་ཚོགས་རྒྱུན་མ་ཆད་པར་སྤེལ་དགོས་པའི་རྒྱུ་རྐྱེན་གང་ལ་ཐུག་ཡོད་པ་དང༌། གཞིས་བཞུགས་བོད་མི་རྣམས་ཛ་དྲག་གི་གནས་སྟངས་ཇི་འདྲའི་འོག་ཡོད་པ་སོགས་དངོས་ཡོད་གནས་ཚུལ་རྒྱུས་ལོན་ཆེད། ཞི་བདེ་ལ་དགའ་ཞིང༌། དྲང་ཚུགས་ལྡན་པའི་འཛམ་གླིང་ཤར་ནུབ་ཀྱི་རྒྱལ་ཁབ་ཁག་གི་དབུ་ཁྲིད་དང་ལས་ཀྱི་སྣེ་མོ་བ། གྲོས་ཚོགས་འཐུས་མི། རྩོམ་པ་པོ། གསར་འགོད་པ་སོགས་ཕྱོགས་ལྷུང་བྲལ་བའི་རང་དབང་ཅན་གྱི་རྟོག་ཞིབ་ཚོགས་པ་བོད་ནང་དུ་ཕེབས་ནས་རྒྱུས་ལོན་དགོས་པའི་འབོད་སྐུལ་ཞུ་རྒྱུ།
༥༽ ད་བར་བོད་དོན་རྒྱབ་སྐྱོར་གནང་དང་གནང་བཞིན་པའི་རྒྱལ་ཁབ་ཁག་དང་། ཚོགས་སྡེ། མི་སྒེར་བཅས་ཡོངས་ལ་བཀའ་དྲིན་ཆེ་ཞུ་རྒྱུ་དང༌། བོད་དོན་བདེན་མཐའ་གསལ་ཐབས་ཀྱི་ལས་འགན་ངོ་མ་དེ་རང་རེ་བོད་མི་རྣམས་ལ་ཡོད་པ་ལྟར། ནང་ཁུལ་གྱི་བསམ་བློ་མཐུན་མིན་དང་གནད་དོན་ཆུང་ངུའི་རིགས་མཚམས་འཇོག་གིས་བོད་པ་མི་རེ་ངོ་རེ་བཞིན་རང་རང་གི་ལས་འགན་ངོ་ཤེས་པའི་ཐོག་སོ་སོའི་འཇོན་ནུས་ལ་དཔག་སྟེ་རྩ་དོན་ཆེད་ནུས་པ་མཉམ་སྤུངས་དང་། ཕྱི་ཟླ་ ༣ ཚེས་ ༡༡ ཉིན་སྤྱི་ནོར་༧གོང་ས་༧སྐྱབས་མགོན་ཆེན་པོ་མཆོག་ནས་བོད་མི་སྤྱི་བོ་གནམ་བསྟན་ཡོངས་ལ་བོད་མི་ནང་ཁུལ་དུ་བོད་སྐད་གཙང་མ་རྒྱག་དགོས་པའི་བཀའ་ཡིག་རིན་པོ་ཆེ་ནན་ཕེབས་གནང་བ་ལྟར། བོད་མི་ཡོངས་ཀྱིས་རང་འགན་རང་ཁུར་དང་། རང་དོན་རང་གཅེས་ཀྱིས་བོད་སྐད་གཙང་མ་རྒྱག་དགོས་པའི་ལས་འགན་འཐུས་ཤོར་མེད་པར་བསྒྲུབ་དགོས་པའི་གསལ་འདེབས་བྱ་རྒྱུ་ཡིན་ཞེས་བཀོད་འདུག
ཡིག་ཆ་ཨང་། ༡༦ ཀ
་པའི་ནང་འཁོད་དོན།
རྒྱ་ནག་མི་དམངས་འཐུས་མི་ཚོགས་ཆེན་ཟེར་བས་ཕྱི་ལོ་ ༢༠༢༦ ཟླ་ ༣ ཚེས་ ༡༢ ཉིན། ”རྒྱ་ནག་མི་དམངས་སྤྱི་མཐུན་རྒྱལ་ཁབ་ཀྱི་མི་རིགས་མཐུན་སྒྲིལ་ཡར་ཐོན་སྐུལ་འདེད་ཀྱི་ཁྲིམས་ཡིག་” ཟེར་བའི་ཁྲིམས་ཡིག་གསར་པ་ཞིག་གཏན་འབེབས་བྱས་པར་གདོང་ལེན་གནང་ཕྱོགས་དང་འབྲེལ་བའི་གཞུང་འབྲེལ་གྲོས་ཆོད་ནང་།
༡༽ རྒྱ་ནག་མི་དམངས་སྤྱི་མཐུན་རྒྱལ་ཁབ་ཀྱི་མི་རིགས་མཐུན་སྒྲིལ་ཡར་ཐོན་སྐུལ་འདེད་ཀྱི་ཁྲིམས་ཡིག་གསར་པ་དེ་ནི་རྒྱལ་སྤྱིའི་ཁྲིམས་ལུགས་ཀྱི་ཚད་གཞི་དང་རྒྱ་ནག་མི་དམངས་སྤྱི་མཐུན་རྒྱལ་ཁབ་ཀྱི་རྩ་ཁྲིམས་ཀྱི་ཁས་ལེན་དང་རྒྱབ་འགལ་དུ་སོང་ཡོད་པས། ཁྲིམས་དོན་གྱི་ཐོག་ནས་བོད་མི་རིགས་ལ་ཁྲིམས་མཐུན་རང་བཞིན་མི་ལྡན་པ་དང་། བཟང་སྤྱོད་ཀྱི་ཐོག་ནས་ཚོད་འཛིན་ཐེབས་པའི་ནུས་པ་མེད་པ་ལྷན་ཚོགས་འདིའི་ཐོག་ནས་ངོས་འཛིན་བགྱིས་པ་ཡིན།
༢༽ བོད་གངས་ལྗོངས་ནི། རྒྱ་ནག་མི་དམངས་སྤྱི་མཐུན་རྒྱལ་ཁབ་ཀྱིས་བཙན་བཟུང་བྱས་པའི་རྒྱལ་ཁབ་ཅིག་ཡིན་པ་བསྙོན་དུ་མེད་ལ། ལོ་རྒྱུས་འཕེལ་རིམ་དང་། ཆོས་དང་རིག་གཞུང་གི་ངོ་རྟགས། རྒྱལ་སྤྱིའི་ཁྲིམས་ལུགས་གང་ཅིའི་ཐད་ནས་མིའུ་གདུང་དྲུག་ལས་མཆེད་པའི་བོད་མི་རིགས་འདི་ “ཀྲུང་ཧྭ་མི་རིགས་” ཟེར་བའི་གྲུབ་ཆ་ཞིག་ཏུ་ནམ་ཡང་བསྒྱུར་ཐབས་མེད་པས། བོད་དང་བོད་མིར་རང་ཆས་སུ་ཡོད་པའི་ཐོབ་ཐང་དང་། གཞིས་བྱེས་བོད་མིའི་ཐུན་མོང་གི་མངོན་འདོད། རྒྱ་ནག་གི་འཕྲལ་ཕུགས་ཀྱི་ཁེ་ཕན་བཅས་པར་བསམ་གཞིགས་ཀྱིས། རྒྱ་གཞུང་གིས་འཕྲལ་མ་མྱུར་ཏུ་རྒྱ་ནག་གི་རྩ་ཁྲིམས་དང་རྒྱབ་འགལ་དུ་སོང་བའི་མི་རིགས་བཙན་བསྒྱུར་གྱི་ཁྲིམས་ཡིག་དེ་ཕྱིར་བསྡུ་དང་། མི་རིགས་རྩ་མེད་ཀྱི་སྲིད་ཇུས་རྣམས་མཚམས་འཇོག་བྱས་ཏེ། ཞི་མོལ་གྱི་ལམ་ནས་བོད་རྒྱའི་རྩོད་རྙོག་སེལ་ཐབས་ལ་མངོན་དུ་དགོས་པ་ནན་བརྗོད་བྱ་རྒྱུ།
༣༽ མཉམ་འབྲེལ་རྒྱལ་ཚོགས་ཀྱི་འབྲེལ་ཡོད་སྡེ་ཚན་ནས་རྒྱ་གཞུང་གི་མི་རིགས་བཙན་བསྒྱུར་གྱི་ཁྲིམས་ཡིག་དེར་ཛ་དྲག་ངང་ཁྲིམས་དོན་བསྐྱར་ཞིབ་གནང་སྟེ། མི་རིགས་རྩ་གཏོར་གྱི་ནག་ཉེས་འགོག་སྡོམ་གྱི་ཐབས་ཚུལ་གང་ཡོད་བསྟེན་གནང་ཡོང་བ་དང་། རྒྱལ་སྤྱིའི་སྤྱི་ཚོགས་ནས་ཀྱང་། མི་རིགས་རྩ་གཏོར་གྱི་ནག་ཉེས་གསོག་མཁན་སུ་ཡིན་གྱི་ཁྲིམས་ལུགས་འགན་ཁུར་བརྩད་ཞིབ་ཀྱིས།ཉེས་ཅན་ཡན་པོར་མ་སོང་བའི་ཁྲིམས་ཆད་ནན་པོ་གཅོད་ཐབས་ཡོང་བར་འབོད་སྐུལ་ནན་ཏན་ཞུ་བཞིན་ཡོད།
༤༽ མི་རིགས་ཀྱི་ཆོས་དང་རིག་གཞུང༌། སྐད་ཡིག།ཡུལ་སྲོལ་གོམས་གཤིས།མི་རིགས་ཀྱི་ཆེ་མཐོང་བཅས་པ་གཅེས་ཉར་བྱ་རྒྱུ་ནི་མི་རིགས་དེའི་རང་ཆས་སུ་ཡོད་པའི་ཐོབ་ཐང་ཡིན་སྟབས། གཞིས་བཞུགས་སྤུན་ཟླ་རྣམས་ནས་གངས་ཅན་པའི་ལར་ཞེན་འདོར་མེད་ཀྱི་སྙིང་སྟོབས་མུ་མཐུད་ཆེར་བསྐྱེད་ཡོང་བ་དང་། བོད་ལ་རང་དབང་གི་ཉི་མ་གང་མྱུར་འཆར་ངེས་ཀྱི་སེམས་ཤུགས་འདོར་མེད་ཡོང་བའི་འབོད་སྐུལ་ཞུ་རྒྱུ།
༥༽ བཙན་བྱོལ་བོད་མི་ཚོགས་སྒེར་ཡོངས་ནས་ཀྱང་རྒྱ་གཞུང་གིས་བོད་མི་རིགས་རྒྱ་བསྒྱུར་ལ་ཁྲིམས་ཀྱི་རྒྱབ་རྩ་དང་བཅས་ཏེ་ལག་བསྟར་བྱེད་པའི་ངན་ཇུས་ཛ་དྲག་ཅན་འདི་རིགས་སོ་སོའི་ཉེ་འགྱངས་ཀྱི་གྲོགས་འབྲེལ་ནས་འགོ་བཙུགས་ཏེ་ཐེར་འདོན་ཁྱབ་རྒྱ་གང་ཆེ་དང་། འཕྲལ་དུ་མཚམས་འཇོག་ཡོང་ཐབས་ཀྱི་ཞུ་གཏུགས་ལས་འགུལ་ཇི་དགེ་རང་ནུས་རྩལ་སྤྲུགས་གནང་གལ་འབོད་སྐུལ་ཞུ་རྒྱུ།
༦༽ རང་དབང་ལུང་པར་གནས་འཁོད་བཙན་བྱོལ་བོད་མི་ཚོགས་སྒེར་ཡོངས་ནས། ལོ་རེའི་ཕྱི་ཟླ་ ༩ པའི་བདུན་ཕྲག་བཞི་པར་བོད་མི་རིགས་ཀྱི་ངོ་བོ་གཅེས་སྲུང་གི་ལས་འགུལ་ཅི་རིགས་སྤེལ་རྒྱུ། ༧ ༽ བོད་མི་རིགས་རྩ་མེད་གཏོང་བའི་རྒྱ་ནག་གི་ཁྲིམས་ཡིག་དེ་དང་། སྲིད་ཇུས་ཁག་གི་ཉེན་ཚབས་བཟློག་ཐབས་སུ་བོད་མིའི་སྒྲིག་འཛུགས་ནས་རྒྱལ་སྤྱིའི་ནང་གདོང་ལེན་ནུས་ལྡན་ཡོང་ཐབས་འབད་བརྩོན་གང་ཡོང་ཞུ་རྒྱུ་ཡིན། ཞེས་བཀོད་འདུག"
94,shambalanews,tibetan,༧གོང་ས་མཆོག་གིས་བོད་གཞུང་དགའ་ལྡན་ཕོ་བྲང་གི་ལུགས་གཉིས་ཀྱི་དབུ་ཁྲིད་བདག་གིར་བཞེས་ནས་ལོ་ངོ་༧༥འཁོར་བའི་དུས་དྲན་སྲུང་བརྩི་ཞུས་སོང༌།,,2024-10-11T00:00:00+00:00,http://www.shambalanews.com/%E0%BD%82%E0%BD%A6%E0%BD%A2%E0%BC%8B%E0%BD%A0%E0%BD%82%E0%BE%B1%E0%BD%B4%E0%BD%A2%E0%BC%8D/%E0%BD%96%E0%BD%99%E0%BD%93%E0%BC%8B%E0%BD%96%E0%BE%B1%E0%BD%BC%E0%BD%A3%E0%BC%8D/%E0%BC%A7%E0%BD%82%E0%BD%BC%E0%BD%84%E0%BC%8B%E0%BD%A6%E0%BC%8B%E0%BD%98%E0%BD%86%E0%BD%BC%E0%BD%82%E0%BC%8B%E0%BD%82%E0%BD%B2%E0%BD%A6%E0%BC%8B%E0%BD%96%E0%BD%BC%E0%BD%91%E0%BC%8B%E0%BD%82%E0%BD%9E%E0%BD%B4%E0%BD%84%E0%BC%8B%E0%BD%91%E0%BD%82%E0%BD%A0%E0%BC%8B%E0%BD%A3%E0%BE%A1%E0%BD%93%E0%BC%8B%E0%BD%95%E0%BD%BC%E0%BC%8B%E0%BD%96%E0%BE%B2%E0%BD%84%E0%BC%8B%E0%BD%82%E0%BD%B2%E0%BC%8B%E0%BD%A3%E0%BD%B4%E0%BD%82%E0%BD%A6%E0%BC%8B%E0%BD%82%E0%BD%89%E0%BD%B2%E0%BD%A6%E0%BC%8B%E0%BD%80%E0%BE%B1%E0%BD%B2%E0%BC%8B%E0%BD%91%E0%BD%96%E0%BD%B4%E0%BC%8B%E0%BD%81%E0%BE%B2%E0%BD%B2%E0%BD%91%E0%BC%8B%E0%BD%96%E0%BD%91%E0%BD%82%E0%BC%8B%E0%BD%82%E0%BD%B2%E0%BD%A2%E0%BC%8B%E0%BD%96%E0%BD%9E%E0%BD%BA%E0%BD%A6%E0%BC%8B%E0%BD%93%E0%BD%A6%E0%BC%8B%E0%BD%A3%E0%BD%BC%E0%BC%8B%E0%BD%84%E0%BD%BC%E0%BC%8B%E0%BC%A7%E0%BC%A5%E0%BD%A0%E0%BD%81%E0%BD%BC%E0%BD%A2%E0%BC%8B%E0%BD%96%E0%BD%A0%E0%BD%B2%E0%BC%8B%E0%BD%91%E0%BD%B4%E0%BD%A6%E0%BC%8B%E0%BD%91%E0%BE%B2%E0%BD%93%E0%BC%8B%E0%BD%A6%E0%BE%B2%E0%BD%B4%E0%BD%84%E0%BC%8B%E0%BD%96%E0%BD%A2%E0%BE%A9%E0%BD%B2%E0%BC%8B%E0%BD%9E%E0%BD%B4%E0%BD%A6%E0%BC%8B%E0%BD%A6%E0%BD%BC%E0%BD%84%E0%BC%8C%E0%BC%8D,5749,"ཕྱི་ལོ་༢༠༢༥ ཟླ་༡༡ ཚེས་༡༧ ཉིན། བཞུགས་སྒར་དྷ་རམ་སའི་ཐེག་ཆེན་ཆོས་གླིང་གཙུག་ལག་ཁང་དུ། དབུས་བོད་མིའི་སྒྲིག་འཛུགས་ཀྱིས་གོ་སྒྲིག་འོག སྤྱི་ནོར་༧གོང་ས་༧སྐྱབས་མགོན་སྐུ་ཕྲེང་བཅུ་བཞི་པ་ཆེན་པོ་མཆོག་བོད་གཞུང་དགའ་ལྡན་ཕོ་བྲང་གི་ལུགས་གཉིས་ཀྱི་དབུ་ཁྲིད་བདག་གིར་མཛད་ནས་ལོ་ངོ་༧༥ འཁོར་བའི་དུས་དྲན་མཛད་སྒོ་དང་། གཞན་ཡང་དབུས་བོད་སློབ་འཛིན་སྐྱོང་ཚོགས་པའི་ཁྱབ་ཁོངས་ཀྱི་གཏན་སློབ་ (CST) ཁག་བདུན་དང་། བོད་ཕྲུག་ཁྱིམ་སྡེ། མ་སུ་རིའི་བོད་ཁྱིམ། རྒྱ་གར་དང་བལ་ཡུལ་གྱི་ཉིན་སློབ་ཁག་གི་སློབ་ཟུར་བཅས་ཀྱི་བཀའ་དྲིན་རྗེས་དྲན་གྱི་མཛད་སྒོ་གཉིས་མཉམ་དུ་ཚོགས་སོང་།
སྐབས་དེར་༸གོང་ས་རྒྱལ་བ་རིན་པོ་ཆེ་མཆོག་ལ་བཀའ་དྲིན་རྗེས་དྲན་གྱི་གཟེངས་རྟགས་ཤིག་ཕུལ་སོང་། དེ་ཡང་། གོང་ཚེས་ཉིན་གྱི་སྔ་དྲོའི་ཆུ་ཚོད་ ༩།༠༠ ཡས་མས་ལ་སྤྱི་ནོར་༸གོང་ས་༸སྐྱབས་མགོན་ཆེན་པོ་མཆོག་༸རྒྱལ་བའི་ཕོ་བྲང་གཟིམ་ཆུང་ནས་གཙུག་ལག་ཁང་དུ་ཆིབས་བསྒྱུར་སྐབས། བོད་མིའི་སྒྲིག་འཛུགས་ཀྱི་ཁྲིམས་ཞིབ་པ་ཆེ་བ་ཡེ་ཤེས་དབང་མོ་མཆོག་དང་། བོད་མི་མང་སྤྱི་འཐུས་ཚོགས་གཙོ་མཁན་པོ་བསོད་ནམས་བསྟན་འཕེལ་མཆོག སྲིད་སྐྱོང་སྤེན་པ་ཚེ་རིང་མཆོག ཅེག་སྤྱི་མཐུན་རྒྱལ་ཁབ་ཀྱི་ལྡི་ལིའི་གཞུང་ཚབ་པ་ལྕམ་སྐུ་ཨེ་ལི་སི་ཀཱ་རྫེ་ཀོ་ཝ་ (Dr Eliska Zigova) མཆོག སྤྱི་འཐུས་ཚོགས་གཞོན་སྒྲོལ་མ་ཚེ་རིང་མཆོག ཁྲིམས་ཞིབ་པ་གཞན་ཟླ་བ་ཕུན་སྐྱིད་མཆོག་དང་འཕགས་པ་ཚེ་རིང་མཆོག སློབ་ཟུར་ཚོགས་པའི་ཚོགས་གཙོ་བཀྲ་ཤིས་རྣམ་རྒྱལ་ལགས། བོད་ཕྲུག་ཁྱིམ་སྡེའི་འགན་འཛིན་བསོད་ནམས་སྲི་ཆོས་ལགས། དྲུང་ཆེ་མིག་དམར་ཚེ་རིང་ལགས་བཅས་ནས་ཕེབས་བསུ་ཞུས་སོང་།
དེ་ནས་བོད་མིའི་སྒྲིག་འཛུགས་ཀྱི་ཁྲིམས་ཞིབ་པ་ཆེ་བ་མཆོག་དང་། བོད་མི་མང་སྤྱི་འཐུས་ཚོགས་གཙོ་མཆོག སྲིད་སྐྱོང་མཆོག་བཅས་ནས་སྤྱི་ནོར་༸གོང་ས་༸སྐྱབས་མགོན་ཆེན་པོ་མཆོག་ལ་མཎྜལ་རྟེན་གསུམ་འདེགས་འབུལ་ཞུས་རྗེས། དབུས་བོད་སློབ་འཛིན་སྐྱོང་ཚོགས་པའི་ཁྱབ་ཁོངས་ཀྱི་གཏན་སློབ་ཁག་བདུན་དང་། བོད་ཕྲུག་ཁྱིམ་སྡེ། མ་སུ་རིའི་བོད་ཁྱིམ། རྒྱ་གར་དང་བལ་ཡུལ་གྱི་ཉིན་སློབ་ཁག་གི་སློབ་ཟུར་བཅས་ཀྱི་བཀའ་དྲིན་རྗེས་དྲན་གཟེངས་བསྟོད་ཚོགས་ཆུང་གི་ཚོགས་གཙོ་སྤྱི་ཟུར་བཀྲ་ཤིས་རྣམ་རྒྱལ་ལགས་ཀྱིས་མཎྜལ་རྟེན་གསུམ་འདེགས་འབུལ་ཞུས་སོང་།
དེའི་རྗེས། སྲིད་སྐྱོང་སྤེན་པ་ཚེ་རིང་མཆོག་གིས་བཀའ་ཤག་གི་
གསུང་བཤད
་གནང་དོན། ཕྱི་ལོ་ ༡༩༤༩ ལོར་རྒྱ་ནག་གུང་ཁྲན་གྱིས་སྲིད་དབང་བཙུགས་རྗེས། མདོ་སྟོད་སྨད་ཀྱི་ས་སྡེ་མང་པོ་བཙན་བཟུང་བྱས་པའི་ཐོག་ད་དུང་ཕྱི་ལོ་ ༡༩༥༠ ཟླ་ ༡༠ ནང་ལམ་ཁག་གསུམ་ནས་ཆབ་མདོར་བཙན་འཛུལ་གྱིས། བོད་ཀྱི་གཙོ་ཤུགས་དམག་དཔུང་ཕམ་ཉེས་ཤོར་ཏེ་བོད་ལ་དྲག་པོའི་འགོག་སྲུང་གི་ནུས་པ་མེད་པར་གྱུར་ཅིང། རྒྱལ་སྤྱིའི་སྤྱི་ཚོགས་ནས་སེམས་ཁུར་བྱེད་མཁན་མེད་པ་སོགས་ཀྱིས་བོད་ཀྱི་སྣོད་བཅུད་གཉིས་ཀ་དངོས་གནས་ཆགས་འཇིག་གི་སོ་མཚམས་སུ་བསྐྱལ་ཡོད་པའི་སྐབས་དེར། དགུང་ལོ་ ༡༥ ལས་སོན་མེད་པའི་སྤྱི་ནོར་ྋགོང་ས་ྋསྐྱབས་མགོན་ཆེན་པོ་མཆོག་གིས་ཐུགས་སྟོབས་གོ་ཆ་བཙན་པར་བགོས་ཏེ། རྒྱ་གཞུང་ལ་མེས་འཚིགས་མེེ་གཏུགས་ཀྱིས། བཙན་གནོན་འོག་ཏུ་བཞག་པའི་གྲོས་མཐུན་དོན་ཚན་བཅུ་བདུན་གྱི་རྨང་གཞི་སྟེང་ལོ་ངོ་བརྒྱད་ལྷག་རིང་ཆབ་འབངས་གངས་ཅན་པ་རྣམས་ཀླ་ཀློའི་དཔུང་ཚོགས་ཀྱི་གོ་མཚོན་འོག་ནས་ཚེ་སྲོག་སྐྱོབ་ཐབས་དང་། བོད་ཀྱི་ཐུན་མིན་ཆོས་དང་རིག་གཞུང་གཅེས་སྐྱོང་ཡོང་བའི་ཐབས་ཤེས་ལུ་གུ་རྒྱུད་དུ་བསྟེན་གནང་ཡོད་ནའང་། རྒྱ་གཞུང་གིས་གྲོས་དོན་རྩིས་མེད་རྡོག་རོལ་གཏོང་རྐྱང་བྱས་པར་བརྟེན། བཙན་བྱོལ་དུ་མི་ཕེབས་ཀ་མེད་བྱུང་།
དེ་ནས་བོད་མི་མང་སྤྱི་འཐུས་ཚོགས་གཙོ་མཆོག་གིས་སྤྱི་འཐུས་ལྷན་ཚོགས་ཀྱི་
གསུང་བཤད
་གནང་དོན། རྒྱ་ནག་གཞུང་གིས་བོད་ཀྱི་ཆོས་དང་། རིག་གཞུང། སྐད་ཡིག མི་རིགས། ཁོར་ཡུག་དང་བཅས་པ་རྩ་མེད་བཟོ་རྒྱུའི་སྲིད་བྱུས་འཇམ་རྩུབ་སྣ་ཚོགས་ཀྱི་སྒོ་ནས་ལག་བསྟར་བྱེད་བཞིན་ཡོད་ཀྱང་། བཙན་བྱོལ་ནང་གཙོ་བོ་༸གོང་ས་མཆོག་གི་མཁྱེན་བརྩེ་ནུས་པའི་བླ་ན་མེད་པའི་ཐུགས་བསྐྱེད་མཛད་འཕྲིན་ལ་བརྟེན་ནས་བོད་ཀྱི་ཆོས་དང་། རིག་གཞུང་། སྐད་ཡིག་ སོགས་སྲུང་སྐྱོབ་དང་སླར་གསོ་གནང་ཞིང་། ད་བར་བོད་ཀྱི་ཆོས་དང་། རིག་གཞུང་། ཚན་རིག་དང་ནང་ཆོས་དབར་བགྲོ་གླེང་། འགྲོ་བ་མི་གཅིག་གྱུར་གྱི་འདུ་ཤེས། དེ་ཡང་བྱམས་བརྩེ་གོང་འཕེལ་གྱིས་སེམས་ནང་ཞི་བདེ་དང་ཡིད་ཆེས་ཡོང་དགོས་པ་སོགས་ཀྱི་ལམ་སྟོན་མཛད་ནས་འཛམ་གླིང་ནང་མི་མང་ས་ཡ་མང་པོར་ཕན་ཐོགས་བྱུང་ཞིང་། ནང་ཆོས་ལ་དད་མོས་ཡོད་མཁན་རྣམས་ལ་དམ་པའི་ཆོས་ཀྱི་འཁོར་ལོ་རྒྱུན་མི་ཆད་པར་བསྐོར་བ་དང་། འཛམ་གླིང་གང་སར་དཔལ་དུས་ཀྱི་འཁོར་ལོའི་དབང་ཆེན་ཡང་ཐེངས་ ༣༤ གནང་བ་སོགས་ཆོས་སྲིད་ཀྱི་མཛད་འཕྲིན་རླབས་ཆེན་བསྐྱངས་གནང་ཡོད།
༸སྤྱི་ནོར་༸གོང་ས་སྐྱབས་མགོན་ཆེན་པོ་མཆོག་གིས་རྒྱ་ནག་གཞུང་དང་འབྲེལ་བ་བསྐྱར་གསོ་གནང་སྟེ་གཉིས་ཕན་གྱི་དགོངས་པ་བཞེས་ཤིང་བཙན་བྱོལ་བོད་མིའི་སྐུ་ཚབ་བོད་ནང་གཟིགས་སྐོར་སྔ་རྗེས་ཕེབས་ཐུབ་པ་བྱུང་བ་དང་། གཞིས་བྱེས་གཉིས་ཀྱི་བོད་མི་རྣམས་ཕར་ཚུར་འགྲོ་འོང་ཐུབ་པ་བྱུང་ཞིང་། དེ་བཞིན་ཕྱི་ལོ་ ༢༠༠༢ ནས་བོད་རྒྱ་གཉིས་དབར་འབྲེལ་མོལ་ཐེངས་དགུ་ཙམ་གནང་ཡང་། རྒྱ་ནག་གཞུང་གི་དཔོན་རིགས་ཚོའི་དོགས་པ་རྣམ་རྟོག་གིས་བོད་རྒྱའི་དཀའ་རྙོག་སེལ་བའི་བཟང་ཕྱོགས་སུ་མདུན་བསྐྱོད་བྱུང་ཐུབ་མེད། དེ་རིང་བརྗོད་འདོད་པ་ཞིག་ལ་༸གོང་ས་མཆོག་སྐུ་འཚོ་བཞུགས་རིང་བོད་རྒྱའི་དཀའ་རྙོག་སེལ་ཐབས་དགོས་པ་རྒྱ་གཞུང་གི་དཔོན་རིགས་རྣམས་ལ་སྐུལ་མ་བྱ་རྒྱུ་ཡིན། ཞེས་སོགས་གསུངས་སོང་།
དེའི་རྗེས། སློབ་ཟུར་ཐུན་མོང་གི་བཀའ་དྲིན་རྗེས་དྲན་གཟེངས་བསྟོད་ཚོགས་ཆུང་གི་ཚོགས་གཙོ་བཀྲ་ཤིས་རྣམ་རྒྱལ་ལགས་ནས་གསུང་བཤད་གནང་དོན། སྤྱི་ནོར་༸གོང་ས་༸སྐྱབས་མགོན་ཆེན་པོ་མཆོག་གིས་ཤེས་ཡོན་གལ་ཆེན་གཟིགས་ནས་བཙན་བྱོལ་ནང་གཏན་ཉིན་སློབ་གྲྭ་རིམ་འཛུགས་གནང་ནས་བཙན་བྱོལ་བོད་ཕྲུག་རྣམས་ལ་གནའ་དེང་ཤེས་ཡོན་ལེགས་པ་ཐོབ་ཡོད་པར་བརྟེན་དེ་རིང་ཁོང་ལ་བཀའ་དྲིན་རྗེས་དྲན་ཞུ་དགོས་པ་དང་ཞུ་འོས་པ་ཞིག་རེད། ཅེས་སོགས་གསུངས་རྗེས། སློབ་ཟུར་ཚོགས་པའི་ཚོགས་གཙོ་བཀྲ་ཤིས་རྣམ་རྒྱལ་ལགས། བོད་ཕྲུག་ཁྱིམ་སྡེའི་འགན་འཛིན་བསོད་ནམས་སྲི་ཆོས་ལགས། དྲུང་ཆེ་མིག་དམར་ཚེ་རིང་ལགས་བཅས་ནས་༸སྤྱི་ནོར་༸གོང་ས་སྐྱབས་མགོན་ཆེན་པོ་མཆོག་ལ་བཀའ་དྲིན་རྗེས་དྲན་གྱི་གཟེངས་བསྟོད་ཕུལ་སོང་།
དེ་ནས་སྐུ་མགྲོན་གཙོ་བོ་ཅེག་སྤྱི་མཐུན་རྒྱལ་ཁབ་ཀྱི་གཞུང་ཚབ་པ་ལྕམ་སྐུ་ཨེ་ལི་སི་ཀཱ་རྫེ་ཀོ་ཝ་མཆོག་གིས་འཚམས་འདྲི་དང་འབྲེལ་གསུང་བཤད་གནང་དོན། སྤྱི་ནོར་༸གོང་ས་༸སྐྱབས་མགོན་ཆེན་པོ་མཆོག་གིས་བོད་ཀྱི་ཆོས་སྲིད་གཉིས་ཀྱི་ཐུགས་འགན་བཞེས་ནས་མིག་དཔེར་འོས་པའི་འགོ་ཁྲིད་བཟང་པོ་ཞིག་གནང་བའི་དུས་སྟོན་འདི་སྲུང་བརྩི་བྱེད་དགོས་པ་ནི་ཧ་ཅང་གལ་ཆེན་པོ་རེད། སློབ་གྲྭ་ཁག་གི་སློབ་ཟུར་ཚོས་བཀའ་དྲིན་རྗེས་དྲན་བྱེད་བཞིན་པ་འདི་ནི་སེམས་འགུལ་ཐེབས་པ་ཞིག་རེད། ༸གོང་ས་མཆོག་གིས་དགུང་ལོ་བཅོ་ལྔའི་སྟེང་ཆོས་སྲིད་གཉིས་ཀྱི་ཐུགས་འགན་བཞེས་རྗེས་ཀྱི་ལོ་དགུའི་རྗེས་ནས་བཙན་བྱོལ་དུ་ཕེབས་དགོས་བྱུང་བ་དང་། ཁོང་གི་རྗེས་སུ་བོད་མི་བཙན་བྱོལ་བ་སྟོང་ཕྲག་མང་པོས་རྒྱ་ནག་དམར་པོའི་གཞུང་ལ་གཡོལ་ནས་སླེབས་པ་རེད། བཙན་བྱོལ་བོད་མིའི་སྤྱི་ཚོགས་འཛུགས་སྐྲུན་གྱིས་བོད་ཕྲུག་རྣམས་ལ་ཤེས་ཡོན་སློབ་སྦྱོང་གི་གོ་སྐབས་བསྩལ་ཡོད། ཅེས་སོགས་གསུངས་སོང་།
མཐའ་མར། བོད་མིའི་སྒྲིག་འཛུགས་ཀྱི་དབུས་གོ་སྟོན་གོ་སྒྲིག་ཚོགས་ཆུང་གི་ཚོགས་གཙོ་བཀའ་དྲུང་ཆུ་སྐྱ་སྦྲ་གཉིས་ཚེ་རྒྱལ་ལགས་ཀྱིས་ཐུགས་རྗེ་ཆེ་ཞུའི་གསུང་བཤད་གནང་རྗེས། ༸གོང་ས་མཆོག་ཕོ་བྲང་དུ་ཆིབས་བསྒྱུར་བསྐྱངས་གནང་སོང་།"
24,vot,tibetan,Saturday 01/08/2026,ByVoice of Tibet,2026-08-01T10:00:00+05:30,https://vot.org/saturday-01-08-2026/,249,"Tibetan Royal Year of 2153  | 
Year of the Fire Horse

ཪེས་གཟའ་སྤེན་པ། ༢༠༢༦།༠༨།༠༡

ཪེས་གཟའ་སྤེན་པ། ༢༠༢༦།༠༨།༠༡

Ratoe Chuwar Labrang,
Phuntsok Gyatsal House,
Session Road, Dharamsala 176215
Distt Kangra HP
India

© 2023 ནོར་ཝེ་བོད་ཀྱི་རླུང་འཕྲིན་ཁང་།"
25,vot,tibetan,Friday 31/07/2026,ByVoice of Tibet,2026-07-31T17:06:34+05:30,https://vot.org/friday-31-07-2026/,248,"Tibetan Royal Year of 2153  | 
Year of the Fire Horse

ཪེས་གཟའ་སྤེན་པ། ༢༠༢༦།༠༨།༠༡

ཪེས་གཟའ་པ་སངས། ༢༠༢༦།༠༧།༣༡

Ratoe Chuwar Labrang,
Phuntsok Gyatsal House,
Session Road, Dharamsala 176215
Distt Kangra HP
India

© 2023 ནོར་ཝེ་བོད་ཀྱི་རླུང་འཕྲིན་ཁང་།"
